0	-5.	-4.95	-4.9	-4.85	-4.8	-4.75	-4.7	-4.65	-4.6	-4.55	-4.5	-4.45	-4.4	-4.35	-4.3	-4.25	-4.2	-4.15	-4.1	-4.05	-4.	-3.95	-3.9	-3.8499999999999996	-3.8	-3.75	-3.7	-3.65	-3.5999999999999996	-3.55	-3.5	-3.45	-3.4	-3.3499999999999996	-3.3	-3.25	-3.2	-3.15	-3.0999999999999996	-3.05	-3.	-2.9499999999999997	-2.9	-2.85	-2.8	-2.75	-2.6999999999999997	-2.65	-2.5999999999999996	-2.55	-2.5	-2.4499999999999997	-2.4	-2.3499999999999996	-2.3	-2.25	-2.1999999999999997	-2.15	-2.0999999999999996	-2.05	-2.	-1.9499999999999997	-1.9	-1.8499999999999996	-1.7999999999999998	-1.75	-1.6999999999999997	-1.65	-1.5999999999999996	-1.5499999999999998	-1.5	-1.4499999999999997	-1.4	-1.3499999999999996	-1.2999999999999998	-1.25	-1.1999999999999997	-1.15	-1.0999999999999996	-1.0499999999999998	-1.	-0.9500000000000002	-0.8999999999999995	-0.8499999999999996	-0.7999999999999998	-0.75	-0.7000000000000002	-0.6499999999999995	-0.5999999999999996	-0.5499999999999998	-0.5	-0.4500000000000002	-0.39999999999999947	-0.34999999999999964	-0.2999999999999998	-0.25	-0.1999999999999993	-0.14999999999999947	-0.09999999999999964	-0.04999999999999982	0.
-18.	-18.774802785072907	-18.699812048558677	-18.62482244914838	-18.549834126463708	-18.47484723728898	-18.39986195758765	-18.32487848493529	-18.249897041054453	-18.174917874875252	-18.099941265722542	-18.024967527163977	-17.949997011016738	-17.875030112184323	-17.800067273692374	-17.72510899276902	-17.65015582717242	-17.57520840282938	-17.500267421784407	-17.425333671795183	-17.35040803631414	-17.275491506534397	-17.200585193916414	-17.125690345303283	-17.050808358630338	-16.97594080187049	-16.901089432720184	-16.82625622232475	-16.751443379912605	-16.676653382467254	-16.601889005497476	-16.527153360081233	-16.45244993123472	-16.377782624052156	-16.303155811409404	-16.228574391282677	-16.154043845845113	-16.079570312415036	-16.005160656360463	-15.930822558487618	-15.856564604476402	-15.782396391844044	-15.708328638866734	-15.634373314465854	-15.560543769568723	-15.486854893154087	-15.413323268652249	-15.339967358803525	-15.266807688635303	-15.193867060281134	-15.121170761896366	-15.048746810681982	-14.976626183290604	-14.90484308024354	-14.833435167447465	-14.76244384627358	-14.691914484118199	-14.621896668795332	-14.552444393513397	-14.483616246694192	-14.415475506543752	-14.348090208158942	-14.281533077923777	-14.215881404903367	-14.151216739005308	-14.087624485766927	-14.025193300076259	-13.964014344060544	-13.904180338715888	-13.845784472647507	-13.788919139915212	-13.733674562690524	-13.680137327600761	-13.62838887298172	-13.57850401583715	-13.530549523184604	-13.484582868417268	-13.440651129173188	-13.39879020237555	-13.359024232212105	-13.321365440069124	-13.285814178710718	-13.252359409108204	-13.220979345103615	-13.191642442192345	-13.164308461152851	-13.138929743330195	-13.11545243192995	-13.093817789269588	-13.07396333551982	-13.055823989241262	-13.039333010286809	-13.024422821416557	-13.011025726169763	-12.999074461727758	-12.98850261904818	-12.979245001295487	-12.971237858829072	-12.964419065579516	-12.95872824911276	-12.954106865031406	-12.950498234601474
-17.9	-18.574822127921948	-18.49983375124401	-18.42484679952621	-18.349861447486397	-18.27487789129104	-18.199896351072944	-18.124917073969076	-18.049940337285484	-17.974966452318178	-17.89999576833202	-17.825028677364088	-17.75006561922471	-17.67510708753388	-17.600153636005214	-17.525205886031763	-17.450264534578967	-17.375330363711015	-17.300404250501423	-17.22548717899297	-17.150580252634185	-17.075684709282985	-17.00080193680082	-16.92593349186144	-16.851081119485812	-16.776246776590032	-16.701432656429375	-16.62664121804307	-16.551875216788016	-16.47713774109328	-16.402432250514227	-16.32776262150714	-16.253133194743643	-16.17854883195071	-16.10401497452263	-16.029537713854616	-15.955123863620972	-15.880781046394707	-15.806517782288829	-15.732343594964403	-15.658269119547613	-15.584306231318797	-15.510468175849104	-15.436769723602968	-15.363227324875373	-15.28985929293925	-15.216685985375403	-15.14373001703046	-15.071016467254912	-14.9985731211791	-14.926430698751279	-14.854623118033626	-14.783187736468099	-14.712165621485202	-14.64160178321951	-14.571545432615684	-14.502050172849517	-14.433174198426457	-14.364980402679116	-14.297536461905864	-14.23091479083837	-14.165192439618853	-14.100450820357649	-14.03677533328542	-13.974254790706773	-13.912980703497427	-13.853046353483453	-13.794545714627048	-13.737572187970969	-13.682217207229552	-13.628568739739885	-13.57670972383256	-13.526716532589779	-13.478657475543752	-13.432591484707949	-13.388566947904526	-13.34662087224539	-13.3067782755878	-13.269051999335309	-13.233442761691382	-13.199939649660688	-13.168520788996405	-13.139154366825567	-13.11179973065016	-13.086408700437469	-13.062926825857188	-13.04129471873124	-13.021449245513837	-13.003324659223006	-12.98685356765967	-12.971967774989698	-12.958598988571344	-12.9466793865463	-12.936142042986027	-12.926921276070317	-12.918952884830528	-12.912174326644884	-12.906524833856182	-12.901945489478388	-12.898379265786717	-12.895771029694455	-12.894067561054838
-17.8	-18.37484647828211	-18.29986107224358	-18.224877453498063	-18.149895840932277	-18.074916480273476	-17.999939647237163	-17.924965651325206	-17.849994839782372	-17.77502760237246	-17.7000643763514	-17.625105652470133	-17.550151981223603	-17.4752039803925	-17.400262342892365	-17.325327846246868	-17.250401362441938	-17.175483869816155	-17.100576465425654	-17.02568037996112	-16.950796993250886	-16.875927852957016	-16.80107469399347	-16.726239461935823	-16.651424337312346	-16.576631764868942	-16.50186448390977	-16.42712556482079	-16.35241844688322	-16.277746983753357	-16.203115490455776	-16.128528799850013	-16.053992320844984	-15.979512108242044	-15.905094934516145	-15.830748375805944	-15.756480899911079	-15.682301971512272	-15.608222159271747	-15.534253263543189	-15.460408445479706	-15.386702380416772	-15.31315141155765	-15.239773731669432	-15.166589562946198	-15.093621368262722	-15.0208940568344	-14.948435223696874	-14.876275377233396	-14.804448200972926	-14.7329907933576	-14.661943940250781	-14.591352343116291	-14.521264883714567	-14.451734816226912	-14.38281997235491	-14.314582876905417	-14.247090843752586	-14.180415945525903	-14.11463493054624	-14.049828971449436	-13.986083317903198	-13.923486747559405	-13.86213088154507	-13.802109281354735	-13.74351639096213	-13.68644628194735	-13.630991259911244	-13.577240350089788	-13.52527770690194	-13.475181034673282	-13.427020036414117	-13.380855039585118	-13.336735768356705	-13.294700450189879	-13.254775160487352	-13.21697359619902	-13.181297119159515	-13.147735233083596	-13.116266267125605	-13.086858416717964	-13.059470868400071	-13.034055141046064	-13.010556376527932	-12.988914699212874	-12.969066436103482	-12.950945271260991	-12.934483233992427	-12.919611553233498	-12.906261376304265	-12.89436434296489	-12.883853015671498	-12.874661229201893	-12.866724327956337	-12.85997934189089	-12.854365100525689	-12.849822305351424	-12.84629356438198	-12.843723393590606	-12.842058230955768	-12.841246405350422	-12.841238124704377
-17.7	-18.174877132231718	-18.099895465660357	-18.02491604244247	-17.94993913704688	-17.874965057564953	-17.79999414964994	-17.725026801270218	-17.650063447660006	-17.575104577294915	-17.50015073811287	-17.425202545022177	-17.350260687715508	-17.27532594009882	-17.200399170101413	-17.125481351512835	-17.050573576290915	-16.97567706940864	-16.90079320428499	-16.825923521393513	-16.751069747588392	-16.676233819400125	-16.601417907208273	-16.526624444366142	-16.45185615738601	-16.37711610227983	-16.302407702175827	-16.22773479256282	-16.15310166803731	-16.078513138468654	-16.003974586884382	-15.929492038929649	-15.855072234240378	-15.780722711927977	-15.706451898064104	-15.632269210252863	-15.558185164064666	-15.484211499935563	-15.410361311430224	-15.33664919761632	-15.263091415694577	-15.189706061444744	-15.116513247808594	-15.043535314681566	-14.970797033106612	-14.898325843067758	-14.826152079519145	-14.754309232492773	-14.682834185574622	-14.611767487182112	-14.541153578341396	-14.471041057283786	-14.401482873038132	-14.332536533161012	-14.264264224148448	-14.196732914549182	-14.130014334889964	-14.064184908182568	-13.999325515660274	-13.93552117033867	-13.872860491401317	-13.811435045576596	-13.751338469287978	-13.692665434787889	-13.635510413431684	-13.579966293488654	-13.526122865546354	-13.474065220913655	-13.42387214691344	-13.37561453934149	-13.329353981082948	-13.285141462131975	-13.24301643191445	-13.20300609363163	-13.165125134042116	-13.129375736287752	-13.095748036174987	-13.064220799356175	-13.034762467564224	-13.007332297225663	-12.981881721990373	-12.95835566838704	-12.93669394220364	-12.916832473020042	-12.89870449342507	-12.882241547369114	-12.867374361842163	-12.854033578807924	-12.842150340061734	-12.831656723930443	-12.822486100112561	-12.814573369872686	-12.807855139202612	-12.802269838778066	-12.797757787796284	-12.79426122872053	-12.791724325048431	-12.790093171819404	-12.78931575975547	-12.789341962623377	-12.790123499373761	-12.791613915491892
-17.6	-17.974915721148108	-17.8999387617383	-17.82496461968606	-17.74999363939717	-17.67502620742856	-17.600062757421668	-17.525103776055087	-17.45014980924301	-17.375201469615806	-17.30025944430584	-17.22532450434251	-17.15039751442692	-17.075479444724206	-17.000571383127074	-16.92567455004876	-16.850790313796445	-16.77592020910898	-16.701065956409842	-16.626229485014218	-16.551412957208306	-16.476618797258308	-16.401849721475276	-16.327108774412984	-16.2523993663261	-16.177725318227832	-16.103090908435487	-16.028500928494367	-15.95396074081018	-15.879476347798539	-15.805054462918998	-15.730702595763638	-15.65642913912023	-15.582243473020723	-15.508156070643398	-15.434178624540689	-15.360324174209094	-15.286607257623546	-15.213044062987448	-15.139652608136062	-15.066452918031446	-14.993467233266669	-14.920720212951023	-14.848239171027444	-14.776054300845743	-14.704198933625385	-14.632709775511714	-14.561627177344597	-14.490995361435855	-14.420862685310615	-14.351281835431978	-14.282310035780837	-14.214009170712929	-14.146445892125195	-14.079691605877798	-14.013822411410993	-13.948918879804852	-13.885065743077199	-13.822351387393777	-13.760867216524606	-13.700706797203397	-13.641964849745403	-13.584736032580066	-13.52911357836271	-13.475187789046991	-13.423044436202973	-13.372763145162608	-13.324415786507513	-13.278065020974449	-13.233762978506993	-13.191550263351848	-13.151455198363793	-13.113493513194678	-13.077668314053422	-13.04397051304542	-13.012379486205232	-12.982864113036111	-12.955383917127762	-12.92989044169895	-12.906328580960826	-12.88463798898903	-12.864754345535625	-12.846610559353692	-12.830137795591286	-12.815266367104416	-12.801926480674824	-12.790048835280748	-12.779565067292152	-12.770408113036641	-12.762512452961959	-12.755814287709905	-12.750251658604473	-12.745764511429131	-12.742294729272768	-12.739786128257995	-12.738184464771077	-12.737437396653583	-12.737494467214377	-12.738307064799812	-12.739828402112938	-12.74201347519852	-12.744819044946166
-17.5	-17.774964298356437	-17.699993264042465	-17.625025769489394	-17.550062247090256	-17.475103182110956	-17.400149118871344	-17.325200668202775	-17.250258515211303	-17.175323428645132	-17.10039627064091	-17.02547800848194	-16.950569726826057	-16.875672642453626	-16.800788119596017	-16.72591768841884	-16.65106306421677	-16.576226170548892	-16.501409163243824	-16.4266144593187	-16.35184476694892	-16.27710312154822	-16.202392923103925	-16.12771798108848	-16.053082560842796	-15.978491439308636	-15.9039499624536	-15.829464114172145	-15.755040587058186	-15.680686867172897	-15.606411320756608	-15.532223297865212	-15.458133237833723	-15.384152794957684	-15.31029496550715	-15.236574238560577	-15.163006747029124	-15.08961044618364	-15.016405290227327	-14.943413439715014	-14.87065946331497	-14.798170572791614	-14.725976846248317	-14.654111485091775	-14.58261104966249	-14.511515727398553	-14.440869558405346	-14.370720697800285	-14.301121608841038	-14.23212927121689	-14.163805304735268	-14.096216078361673	-14.029432700387053	-13.963530963692213	-13.89859113216575	-13.834697641249429	-13.771938605497713	-13.710405199672406	-13.650190824238416	-13.591390118128599	-13.534097765428207	-13.478407152499415	-13.424408879302742	-13.372189170393703	-13.32182825993795	-13.2733987749387	-13.226964259916251	-13.182577826793336	-13.140281121781815	-13.10010352731195	-13.06206180612048	-13.026160029656452	-12.99238997216559	-12.960731741648416	-12.931154802527933	-12.90361910871727	-12.878076481463637	-12.8544719495577	-12.832745176040063	-12.812831729015558	-12.79466433039793	-12.778173877105823	-12.763290363814873	-12.749943642325691	-12.73806403524432	-12.727582786322792	-12.718432443315034	-12.710547097003532	-12.703862567514895	-12.698316526046295	-12.693848560071409	-12.690400203955855	-12.687914937881667	-12.686338187466161	-12.68561728697165	-12.685701457599048	-12.68654176508532	-12.688091096733752	-12.690304118837819	-12.693137257634442	-12.696548665253628	-12.700498200635323
-17.4	-17.575025448115365	-17.500061871677456	-17.42510274409589	-17.350148608440904	-17.27520007412962	-17.200257824671773	-17.12532262701402	-17.050395341263485	-16.975476932418157	-16.900568482566204	-16.825671205599505	-16.75078646250616	-16.67591577980825	-16.601060868711187	-16.526223648183812	-16.451406268904552	-16.376611142107468	-16.301840969476537	-16.227098779133915	-16.152387962878027	-16.077712320974623	-16.003076108413996	-15.92848409049314	-15.853941600073783	-15.77945460628573	-15.705029785084752	-15.630674603762714	-15.556397407387426	-15.482207522104655	-15.40811536023516	-15.334132545524108	-15.260272039695028	-15.186548292709567	-15.112977393205174	-15.039577246285983	-14.966367749329834	-14.893370998486445	-14.820611489467167	-14.748116351390808	-14.675915568861345	-14.604042237549367	-14.53253279847599	-14.461427304615272	-14.390769645234041	-14.320607806543348	-14.250994063858075	-14.181985188899484	-14.113642573268251	-14.046032337895408	-13.979225324996738	-13.913297046409475	-13.848327475281659	-13.784400754135559	-13.721604712788775	-13.660030262788624	-13.599770579147465	-13.54092013220989	-13.48357351470547	-13.427824120343175	-13.373762674283654	-13.321475660483326	-13.271043716130057	-13.22254001720643	-13.176028794921281	-13.131563968345073	-13.089188083599481	-13.048931481839668	-13.010811903776071	-12.9748343780457	-12.940991577370163	-12.909264417018335	-12.879623052780046	-12.852027997878299	-12.826431494079417	-12.802778852640982	-12.781009889293973	-12.76106020724909	-12.742862462389594	-12.72634740102809	-12.711444800469206	-12.69808424401387	-12.686195749575718	-12.675710231872248	-12.666559895925197	-12.658678483518141	-12.65200146589542	-12.646466169124004	-12.642011842165049	-12.638579688226004	-12.636112863917473	-12.63455647745615	-12.633857550319643	-12.63396499289043	-12.63482955958308	-12.636403823108314	-12.638642129896933	-12.641500579596535	-12.644936991087238	-12.64891088474587	-12.653383453805676	-12.658317550861586
-17.3	-17.37510242266597	-17.300148232954978	-17.22519963601901	-17.15025731411667	-17.075322032778434	-17.000394650512625	-16.925476130512497	-16.850567552832626	-16.775670129074424	-16.700785217649724	-16.62591434218377	-16.551059210628114	-16.476221738294665	-16.40140407175562	-16.32660861763342	-16.25183807243486	-16.17709545846511	-16.102384160988514	-16.02770797292571	-15.953071141011028	-15.878478421250808	-15.803935136051287	-15.72944724276653	-15.655021404083362	-15.580665072326147	-15.506386575672684	-15.43219522118703	-15.35810139963121	-15.284116710363135	-15.210254087504943	-15.136527949745872	-15.06295435029329	-14.98955115405506	-14.916338212821739	-14.843337570985243	-14.770573665513988	-14.698073558823408	-14.625867159824457	-14.553987478305338	-14.482470858001278	-14.411357241765415	-14.340690394553974	-14.270518162567985	-14.20089266407979	-14.131870495432052	-14.063512853665605	-13.995885645441744	-13.92905947941326	-13.863109615864621	-13.798115761307931	-13.734161781158901	-13.67133522464343	-13.609726728799725	-13.54942921263124	-13.49053692431441	-13.433144285942651	-13.377344591850656	-13.32322855865768	-13.270882771796197	-13.220388094635679	-13.171818064208837	-13.125237409217492	-13.080700676464346	-13.038251153111661	-12.997920010350839	-12.959725875673161	-12.923674685458177	-12.889760003707888	-12.857963585792412	-12.828256346296968	-12.800599453028031	-12.77494568327725	-12.751240757797529	-12.729424774136037	-12.709433508386246	-12.69119966694993	-12.674653962678187	-12.659726058661034	-12.646345360431264	-12.634441658367658	-12.623945607860346	-12.614789123327983	-12.606905644423588	-12.60023033095738	-12.594700194135825	-12.590254168874432	-12.586833148759228	-12.584379982524972	-12.582839477092053	-12.582158354193886	-12.58228522664082	-12.583170550743178	-12.584766597627826	-12.5870274065322	-12.5899087622841	-12.59336816025695	-12.59736478905674	-12.601859503260458	-12.606814813506466	-12.612194860200898	-12.61796540262028
-17.2	-17.17519931451871	-17.100256938538664	-17.02532159454752	-16.95039413980055	-16.87547553607239	-16.800566861815675	-16.725669326823066	-16.65078428746771	-16.575913265077855	-16.5010579650205	-16.426220299700198	-16.35140241242195	-16.276606706134352	-16.20183587321666	-16.127092931335433	-16.052381260543907	-15.977704647902959	-15.903067333559136	-15.828474066106246	-15.753930159610068	-15.679441562028277	-15.605014925460107	-15.530657690289225	-15.45637817121911	-15.382185660090885	-15.308090530459427	-15.234104362207717	-15.160240067413083	-15.086512039777322	-15.01293630416813	-14.939530693313591	-14.866315022464791	-14.793311294463246	-14.720543899044097	-14.648039844875488	-14.575828979730547	-14.50394424383131	-14.432421901823476	-14.361301806682281	-14.290627621404045	-14.220447076721491	-14.150812160533777	-14.08177932244654	-14.01340959519979	-13.945768702504397	-13.878927050961261	-13.812959679754881	-13.747946056493204	-13.683969792295297	-13.621118171059415	-13.559481559810637	-13.499152611809038	-13.440225325479638	-13.382793903499238	-13.326951468076285	-13.272788629478173	-13.220391951720908	-13.16984237914386	-13.121213647434773	-13.07457081033427	-13.029968868894054	-12.98745168678906	-12.94705112148059	-12.908786568684029	-12.87266479036192	-12.838680197092295	-12.806815378147244	-12.777042036739164	-12.749322056767681	-12.723608836613181	-12.699848610316351	-12.677981873788745	-12.657944687155707	-12.63966993145999	-12.623088395243613	-12.608129730591505	-12.59472325841132	-12.582798624732597	-12.572286293693274	-12.563117953167227	-12.55522679071715	-12.54854769741055	-12.54301740499805	-12.538574563808968	-12.5351597807953	-12.53271561861427	-12.531186599350384	-12.530519161491886	-12.530661634942756	-12.531564192185732	-12.533178817166153	-12.53545925648649	-12.538360994413436	-12.541841216219412	-12.54585878986072	-12.550374239235984	-12.55534973619672	-12.560749077982683	-12.566537681467986	-12.572682559196629	-12.579152309196456
-17.1	-16.975321272958627	-16.900393764106635	-16.825475097690024	-16.750566350905984	-16.675668732125473	-16.600783596115747	-16.525912462391254	-16.45105703427388	-16.376219221862957	-16.301401165868516	-16.226605266318533	-16.15183421230826	-16.077091017809156	-16.00237905872001	-15.927702117429153	-15.853064428829244	-15.778470735600466	-15.703926345153167	-15.62943719794754	-15.555009937635935	-15.480651995072419	-15.406371674206477	-15.332178254730755	-15.258082096467136	-15.184094763753977	-15.110229151062189	-15.036499632123665	-14.962922209149651	-14.889514689125933	-14.816296858035862	-14.743290685401886	-14.670520523027335	-14.598013336332619	-14.525798923799542	-14.4539101694178	-14.38238327371067	-14.31125801655456	-14.240577977608224	-14.170390792823122	-14.100748342458404	-14.031706954138874	-13.963327522950628	-13.895675617900219	-13.828821472825249	-13.762839935380448	-13.697810262944229	-13.633815838560242	-13.570943702524012	-13.509283966560469	-13.448929022997294	-13.389972612032242	-13.332508691896157	-13.276630167965788	-13.222427477171838	-13.169987071626451	-13.119389863343779	-13.070709652486391	-13.024011667962606	-12.979351206118235	-12.936772547941517	-12.896308085316369	-12.857977850507883	-12.821789323702951	-12.787737686778064	-12.755806322635772	-12.725967717928661	-12.69818449983275	-12.672410743823539	-12.648593275281817	-12.626673082142705	-12.606586611244953	-12.58826702581635	-12.57164529548334	-12.556651162015285	-12.543213955131808	-12.53126326090498	-12.520729426895711	-12.511543979798162	-12.503639910313192	-12.496951890205082	-12.491416409689489	-12.48697186845645	-12.483558614826968	-12.481118949018693	-12.479597128219613	-12.478939326240678	-12.479093605846154	-12.480009871426747	-12.481639835275093	-12.483936966972875	-12.486856466010197	-12.490355223259327	-12.494391800435142	-12.49892640334875	-12.503920874013339	-12.509338670598169	-12.515144865506727	-12.521306126905507	-12.52779071503572	-12.534568457131329	-12.541610736320843
-17.	-16.77547477598957	-16.700565975066112	-16.6256682935524	-16.550783084957224	-16.475911867369444	-16.40105634250008	-16.326218418628315	-16.251400234410948	-16.176604187560407	-16.10183296456383	-16.027089576455353	-15.952377395828607	-15.87770020135002	-15.803062223723927	-15.728468200915199	-15.653923435026405	-15.579433860536257	-15.505006114356426	-15.430647619736469	-15.356366672044915	-15.282172541276935	-15.208075576290803	-15.134087329014621	-15.060220679860503	-14.986489986610508	-14.912911233366817	-14.839502206522345	-14.766282668634515	-14.69327456253411	-14.620502209590994	-14.54799254047708	-14.475775313995797	-14.40388336876557	-14.332352853448183	-14.261223488609252	-14.190538786052196	-14.120346304216122	-14.050697834902751	-13.981649604908903	-13.913262394771406	-13.845601643720784	-13.778737439311687	-13.712744465217341	-13.64770179647327	-13.583692615183915	-13.520803742964956	-13.459125057031029	-13.398748703064543	-13.339768168048748	-13.282277158479657	-13.22636833995235	-13.172131934753967	-13.119654221133523	-13.06901599476357	-13.020291014982604	-12.973544561365326	-12.928832086596291	-12.886198141978857	-12.84567550645619	-12.807284710022712	-12.771033829145685	-12.736918719152186	-12.704923488110463	-12.675021369612383	-12.647175729882466	-12.621341346851885	-12.597465685644043	-12.575490304806088	-12.55535211578156	-12.536984659811276	-12.520319184347482	-12.505285616605516	-12.491813385477267	-12.479832104820249	-12.46927207966447	-12.460064744782517	-12.452142954396974	-12.445441210750753	-12.43989580816095	-12.435444933637303	-12.432028707108246	-12.42958919432375	-12.428070409999659	-12.427418282856658	-12.42758062741591	-12.428507096571073	-12.430149147211624	-12.432459988366984	-12.435394551403116	-12.438909449498137	-12.442962955147664	-12.44751497166646	-12.452527024829628	-12.457962243700335	-12.463785361045892	-12.46996269918841	-12.476462171973372	-12.48325326650211	-12.490307039155702	-12.497596087510757	-12.505094536631317
-16.9	-16.575667971711496	-16.500782708933592	-16.425911428556265	-16.351055831028262	-16.276217823198284	-16.201399542105996	-16.126603383635686	-16.05183203221104	-15.977088496537622	-15.9023761465844	-15.827698758059434	-15.753060558335259	-15.678466281621054	-15.603921225788405	-15.529431320546808	-15.455003197432257	-15.380644273627315	-15.30636283765239	-15.232168151763284	-15.158070556068342	-15.084081592586658	-15.010214130502568	-14.936482514858076	-14.862902715286124	-14.789492501719385	-14.716271617973371	-14.643261985502141	-14.570487901281696	-14.497976268098862	-14.425756812860437	-14.353862337643902	-14.28232894924546	-14.211196320207968	-14.140507907276259	-14.070311205709702	-14.000657934904035	-13.93160423871914	-13.863210802911588	-13.795542958585921	-13.728670670457623	-13.662668483183708	-13.597615315503742	-13.53359417501922	-13.470691690492531	-13.408997528434346	-13.348603607880788	-13.289603176512813	-13.232089694267685	-13.176155580558532	-13.121890822077019	-13.069381484697466	-13.018708189967084	-12.96994457791664	-12.923155880477493	-12.87839759059343	-12.835714400494007	-12.795139339134792	-12.756693298567878	-12.720384822627937	-12.686210328057406	-12.65415455846043	-12.624191432002524	-12.596285020954749	-12.570390802674716	-12.54645690782008	-12.524425505177778	-12.50423404359169	-12.48581651672337	-12.46910453543294	-12.45402830036338	-12.440517427329063	-12.428501638394783	-12.417911276295767	-12.408677752888034	-12.40073384886413	-12.394013951907533	-12.388454208646595	-12.38399263348614	-12.380569154536763	-12.3781256319303	-12.376605864559398	-12.375955558240086	-12.37612229887056	-12.377055506190453	-12.378706398956458	-12.38102794252352	-12.383974817290522	-12.3875033764296	-12.391571621005973	-12.396139169699962	-12.401167248806775	-12.406618672817771	-12.41245784564693	-12.418650749319163	-12.42516495026468	-12.43196958714431	-12.439035373887835	-12.446334578937163	-12.453841018224013	-12.461530022980899	-12.469378422586459
-16.8	-16.375911106538524	-16.301055454773255	-16.226217384082783	-16.15139903023969	-16.076602787691627	-16.00183133923726	-15.927087691743926	-15.852375213104276	-15.777697676681397	-15.703059307202293	-15.628464835891288	-15.553919557254561	-15.479429397203372	-15.405000982988946	-15.330641726956705	-15.256359912165793	-15.182164794697249	-15.108066707675851	-15.034077185211334	-14.960209087525115	-14.886476749483547	-14.812896129158858	-14.739484983328039	-14.666263040820285	-14.593252205986397	-14.520476756263848	-14.44796357207646	-14.375742354719998	-14.303845876887937	-14.232310211644771	-14.161174992741419	-14.09048363233592	-14.02028357435365	-13.950626479147246	-13.881568422646396	-13.813170012566983	-13.745496490459969	-13.678617718597929	-13.61260812476116	-13.547546495044319	-13.483515687312686	-13.420602162677037	-13.358895401634793	-13.298487119433831	-13.239470343736398	-13.181938301537503	-13.125983171417802	-13.07169469878611	-13.019158717645523	-12.968455639481615	-12.919658930605905	-12.87283370172757	-12.828035393614027	-12.785308730490266	-12.7446868705472	-12.706190939775702	-12.669829822947838	-12.635600379277633	-12.603487884387079	-12.573466858745245	-12.54550202400905	-12.519549527284815	-12.495558161744713	-12.473470730707952	-12.453225261685853	-12.434756261476927	-12.417995775206967	-12.402874354751972	-12.389321882797155	-12.377268269906681	-12.366643971480881	-12.357380447278857	-12.349410469703916	-12.342668368628331	-12.337090194124356	-12.33261383277577	-12.329179058994963	-12.326727560601052	-12.325202949428304	-12.32455073296048	-12.324718290392838	-12.32565482801556	-12.32731134469365	-12.32964057957045	-12.332596979572934	-12.336136655740164	-12.340217356053456	-12.344798433395699	-12.349840833312989	-12.355307073447538	-12.361161244251926	-12.367368998998275	-12.373897562813541	-12.380715725314564	-12.387793849827606	-12.395103860010662	-12.402619240398849	-12.410315010947913	-12.418167715166224	-12.426155383412333	-12.434257512908575
-16.7	-16.17621706184236	-16.101398653693334	-16.02660234819543	-15.951830826874193	-15.877087095152557	-15.802374519288229	-15.727696870793354	-15.653058372302416	-15.57846375267409	-15.503918303742747	-15.42942794840138	-15.35499931049348	-15.280639798512588	-15.206357691165293	-15.13216223960985	-15.058063771401883	-14.984073814340464	-14.91020522149268	-14.836472319601171	-14.762891057506689	-14.68947918147439	-14.61625640835302	-14.54324462881382	-14.470468104656396	-14.397953698391357	-14.325731090773122	-14.253833030891522	-14.182295564670593	-14.111158294589387	-14.040464596787348	-13.970261873588605	-13.900601737343722	-13.831540208541966	-13.763137830933097	-13.695459772282698	-13.62857580994455	-13.562560274131156	-13.497491839311097	-13.433453236134257	-13.370530781706865	-13.308813794658871	-13.248393810175667	-13.189363657937006	-13.131816350688311	-13.075843839435612	-13.021535633748744	-12.96897733071396	-12.918249113418197	-12.869424240614391	-12.822567650311392	-12.777734661408005	-12.734969942850078	-12.694306679467688	-12.655766117281853	-12.619357362614528	-12.585077598669322	-12.55291252271115	-12.522837161832825	-12.49481681157136	-12.468808236938017	-12.444760868187318	-12.422618140071368	-12.402318681134332	-12.383797551702084	-12.366987286021534	-12.351818852615478	-12.338222472820144	-12.326128318346157	-12.315467030572218	-12.306170187020319	-12.298170615646265	-12.291402648717956	-12.285802292892216	-12.28130735379034	-12.277857493814695	-12.275394264593182	-12.273861121973244	-12.273203402712634	-12.273368303129	-12.274304837271712	-12.275963803506603	-12.278297733126008	-12.281260857317731	-12.284809062844753	-12.288899863080307	-12.293492364212941	-12.298547250653558	-12.304026762794265	-12.30989469617958	-12.316116391517136	-12.322658744834573	-12.32949020332355	-12.336580779396908	-12.343902043912864	-12.351427134256008	-12.35913073669955	-12.366989081661767	-12.374979912052318	-12.383082465930759	-12.391277435263687	-12.399546945053626
-16.6	-15.976602025674623	-15.901830449960972	-15.827086655176974	-15.752374006299599	-15.677696273386815	-15.603057677425639	-15.528462945407796	-15.453917367054714	-15.37942686286768	-15.304998053985248	-15.230638345840589	-15.156356013679181	-15.08216030473977	-15.008061542139938	-14.934071248647982	-14.860202271625747	-14.786468931333816	-14.712887169243201	-14.639474723224986	-14.566251300557674	-14.49323878097668	-14.420461413771825	-14.347946047113759	-14.275722345297847	-14.203823038480595	-14.132284150782596	-14.061145259512879	-13.990449711760471	-13.92024487622341	-13.850582326339591	-13.781518037503048	-13.713112501229089	-13.645430824753745	-13.578542715409469	-13.512522422468914	-13.447448527142729	-13.383403652927544	-13.320473994470317	-13.258748731223909	-13.198319241537488	-13.139278180004364	-13.081718366435721	-13.025731542398702	-12.971406994611518	-12.918830088636689	-12.868080774612102	-12.81923208633234	-12.77234875685949	-12.727485934115947	-12.684688165523648	-12.643988579491173	-12.605408444956401	-12.568956982224638	-12.534631586156584	-12.5024182647502	-12.47229244900618	-12.444219919743462	-12.418157990509936	-12.394056681711717	-12.371860035813304	-12.351507282646974	-12.332934056280985	-12.316073417690538	-12.300856803337581	-12.287214833679977	-12.275078007143113	-12.26437721895888	-12.255044231105522	-12.247011991156713	-12.240214893441188	-12.234588956071125	-12.230071952988508	-12.226603478546979	-12.224124986900156	-12.22257981192024	-12.221913149287898	-12.222072038493955	-12.22300532443186	-12.224663625728152	-12.226999284963734	-12.229966335823079	-12.233520458782285	-12.237618950860274	-12.242220690489765	-12.247286120712241	-12.252777225021676	-12.258657524414813	-12.264892066366738	-12.271447434679759	-12.278291746923928	-12.285394671639898	-12.292727426811755	-12.300262794687834	-12.307975112053022	-12.315840273483603	-12.323835706897082	-12.331940361431652	-12.340134669344724	-12.34840052370792	-12.35672123449489	-12.365081506475212
-16.5	-15.777086332303073	-15.702373628924363	-15.627695832807495	-15.553057163649155	-15.478462346974567	-15.403916670841918	-15.329426053865365	-15.254997115044768	-15.18063725738875	-15.106354753396083	-15.03215884719204	-14.958059858365788	-14.884069305680805	-14.810200031953062	-14.736466352276112	-14.662884202244028	-14.589471313029549	-14.516247384269622	-14.443234286964387	-14.37045626040598	-14.297940141294221	-14.225715580746977	-14.15381529374807	-14.082275286924032	-14.011135117365548	-13.940438108768417	-13.870231602706514	-13.800567141150392	-13.731500662920546	-13.66309261702552	-13.595408061251597	-13.52851664545642	-13.462492552126145	-13.397414285045587	-13.333364378115894	-13.270428922752716	-13.208696979950926	-13.148259793094828	-13.089209864129703	-13.031639842090504	-12.975641279789498	-12.921303258728681	-12.868710925609106	-12.81794400298564	-12.769075295303903	-12.722169314021643	-12.677281005062527	-12.634454747277715	-12.59372354897038	-12.555108622808275	-12.51861921050504	-12.484252816639003	-12.45199565392931	-12.421823453206688	-12.393702384723142	-12.36759022832978	-12.343437531797885	-12.321188900799779	-12.300784147444675	-12.28215947977888	-12.265248505600967	-12.249983164611708	-12.236294524714387	-12.224113466132415	-12.213371199606808	-12.203999734054202	-12.195932197439133	-12.189103106146275	-12.183448544921319	-12.178906306178714	-12.175415962967785	-12.172918912435717	-12.171358402733114	-12.170679520776806	-12.170829177396708	-12.17175607306067	-12.173410669126337	-12.175745139649521	-12.178713339698982	-12.182270761559238	-12.186374504197467	-12.190983236736097	-12.196057180327776	-12.201558081823704	-12.207449208771642	-12.213695336408607	-12.220262756382088	-12.227119274153859	-12.234234227677986	-12.241578489488123	-12.249124486814743	-12.25684619893111	-12.264719168520763	-12.27272048544463	-12.28082878204552	-12.289024200806644	-12.297288373954464	-12.30560437999889	-12.313956716650237	-12.32233125762512	-12.330715230920994
-16.4	-15.577695509488924	-15.50305678569206	-15.428461905634872	-15.35391615607312	-15.279425454138934	-15.204996417149047	-15.130636446199507	-15.056353811617926	-14.982157755063612	-14.908058593326329	-14.834067841989109	-14.760198340254579	-14.686464399103818	-14.612881949448932	-14.539468717123642	-14.4662443956712	-14.393230849120325	-14.320452308778414	-14.24793560217918	-14.17571036990322	-14.103809314788146	-14.032268429440402	-13.961127254727655	-13.890429095548058	-13.820221271637712	-13.750555299577856	-13.681487088603063	-13.613077053236498	-13.5453902110067	-13.47849616479306	-13.412469042237364	-13.347387283201856	-13.283333347153224	-13.220393239128008	-13.158655920181308	-13.098212518727681	-13.039155405226289	-12.981577079696612	-12.925568927725054	-12.87121984570478	-12.818614778624829	-12.767833233747844	-12.71894779136453	-12.672022737044554	-12.627112798567333	-12.584262155992173	-12.543503652016762	-12.504858381713607	-12.46833553205356	-12.433932628790984	-12.401635992450403	-12.37142155330796	-12.343255773164618	-12.317096808745077	-12.292895658248488	-12.270597433944925	-12.250142490162615	-12.231467590762781	-12.214506893566554	-12.199192859957824	-12.185457039023	-12.1732307385049	-12.162445536090958	-12.153033743716117	-12.144928729226098	-12.13806518673141	-12.13237932276869	-12.127808999999715	-12.124293816667834	-12.12177515605578	-12.120196219326766	-12.119502018235318	-12.11963936553891	-12.120556844152073	-12.122204781912593	-12.124535205948748	-12.127501812498057	-12.131059924325744	-12.135166460330176	-12.139779898686848	-12.144860257455223	-12.15036906669802	-12.156269361316424	-12.162525665982805	-12.169104001852682	-12.175971882946381	-12.18309833474784	-12.190453898121188	-12.198010652963596	-12.205742221248322	-12.213623785665227	-12.221632081655283	-12.229745401537496	-12.237943569407781	-12.246207926391465	-12.254521290098484	-12.262867926774865	-12.271233503735205	-12.279605061085825	-12.287970969646421	-12.296320911996661
-16.3	-15.378461581756254	-15.303915777383152	-15.229425011841466	-15.154995901130254	-15.080635844843954	-15.006353111601976	-14.93215694111896	-14.858057647972561	-14.784066745227578	-14.710197069220753	-14.636462927668179	-14.5628802477614	-14.489466751085747	-14.41624212633062	-14.343228231968508	-14.270449292939283	-14.197932129460257	-14.125706373693705	-14.053804718766822	-13.982263146067268	-13.911121183463006	-13.840422120768883	-13.770213260174947	-13.700546097818606	-13.63147651906105	-13.563064910526876	-13.495376257072582	-13.428480123321588	-13.362450592069193	-13.297366050661148	-13.233308897077798	-13.170365064555442	-13.108623430465741	-13.048175026155862	-12.989112109989385	-12.931527053519929	-12.87551109626604	-12.821152970463439	-12.768537438962388	-12.717743810404459	-12.668844452825295	-12.621903430908736	-12.576975249840402	-12.53410387493293	-12.493321953795313	-12.454650419478257	-12.418098344685111	-12.383663202944343	-12.351331337557038	-12.321078785635674	-12.292872205444842	-12.266670038342433	-12.242423649238908	-12.220078586237562	-12.199575692452807	-12.18085225297248	-12.163842959799997	-12.148480799422657	-12.134697821030986	-12.122425792097635	-12.111596699509255	-12.102143207228567	-12.093998975360325	-12.08709892988395	-12.081379452181842	-12.076778526092838	-12.073235822853333	-12.070692755983758	-12.069092519646615	-12.068380086620126	-12.068502203727574	-12.069407365134253	-12.071045790719495	-12.073369383648487	-12.076331702146362	-12.079887918807747	-12.083994790785995	-12.08861062339228	-12.09369524989911	-12.099210002699902	-12.105117704199785	-12.11138264985394	-12.117970612490893	-12.124848837000862	-12.131986057634558	-12.139352502209176	-12.146919917454257	-12.15466157601147	-12.162552300802464	-12.170568464653622	-12.178688003241726	-12.186890398348227	-12.195156671237033	-12.203469347560237	-12.211812432549456	-12.220171362286957	-12.2285329716716	-12.23688544470421	-12.245218286562467	-12.253522285388291	-12.261789496861928
-16.2	-15.179424687257384	-15.10499552151707	-15.03063540133988	-14.956352594008326	-14.88215633771073	-14.808056945284918	-14.734065927810523	-14.660196119360487	-14.586461825066703	-14.512878969170883	-14.43946526988659	-14.366240412047244	-14.293226249705187	-14.220447002729234	-14.147929485505898	-14.075703323483749	-14.003801202037433	-13.932259093649371	-13.861116515423367	-13.79041674582431	-13.72020707235519	-13.65053897491176	-13.581468319637297	-13.513055470652356	-13.445365386298857	-13.378467600330858	-13.312436158854545	-13.247349406267036	-13.183289690147003	-13.12034288426038	-13.058597796412194	-12.998145376660105	-12.939077788618537	-12.881487294246838	-12.825465007033884	-12.771099515674441	-12.718475421310641	-12.667671853047588	-12.61876098286559	-12.571806665993911	-12.526863189594225	-12.483974299714054	-12.443172432817262	-12.404478330762824	-12.367900908429887	-12.333437529157994	-12.301074487716935	-12.270787846341792	-12.242544371031254	-12.216302697391827	-12.192014470209083	-12.169625594385785	-12.149077337447292	-12.130307456001436	-12.1132511450336	-12.097841903395217	-12.084012284363412	-12.07169453378368	-12.060821079068461	-12.051324975903228	-12.04314022258661	-12.036202026337321	-12.030446993596879	-12.025813279147448	-12.022240674646751	-12.01967066854408	-12.018046489344947	-12.017313108456449	-12.017417240681562	-12.018307322104192	-12.019933491840058	-12.022247553592308	-12.025202949677865	-12.02875472272132	-12.032859486987055	-12.037475393055514	-12.042562107356051	-12.048080783034745	-12.053994049303466	-12.060265992897524	-12.066862160100095	-12.073749549356178	-12.080896626519232	-12.088273328155076	-12.095851086912027	-12.103602840632554	-12.111503060595824	-12.119527757358448	-12.127654501431323	-12.135862415278671	-12.144132176091674	-12.152445988022356	-12.160787563799705	-12.169142078350903	-12.17749613618145	-12.185837717079384	-12.194156141214764	-12.202442020948649	-12.210687235739117	-12.21888489788383	-12.227029340662668
-16.1	-14.980635075867069	-14.906352213231996	-14.832155892686345	-14.75805642570677	-14.684065321815428	-14.610195413305494	-14.536461003272576	-14.462878013629307	-14.389464159921712	-14.316239123927309	-14.243224756191719	-14.170445272556561	-14.097927482770995	-14.025701006937828	-13.953798524253504	-13.882256000048729	-13.811112943122806	-13.740412622281113	-13.670202313757066	-13.600533484275534	-13.531461984540718	-13.463048160552432	-13.395356949327015	-13.328457859497549	-13.262424907520897	-13.197336402801545	-13.133274651575373	-13.070325478828346	-13.008577634825595	-12.948122001953934	-12.88905066442857	-12.83145579153504	-12.775428389133856	-12.721056921961045	-12.668425849619835	-12.6176141416277	-12.568693792481263	-12.52172846364577	-12.4767722352275	-12.43386863813157	-12.39304989156023	-12.354336533362176	-12.317737288181739	-12.283249367293715	-12.25085896008451	-12.220542084672378	-12.192265535342017	-12.165988058025627	-12.141661492680933	-12.119232012052926	-12.098641241930615	-12.07982734739783	-12.062725981510756	-12.047271128087274	-12.033395834172092	-12.021032826644827	-12.010114994824566	-12.000575814780666	-11.992349661257117	-11.98537206600831	-11.979579906965057	-11.974911556139837	-11.9713069734435	-11.968707765523908	-11.967057238009868	-11.966300399625615	-11.966383968256384	-11.967256354245762	-11.968867644969952	-11.971169570617343	-11.974115481033463	-11.977660310288123	-11.981760549244177	-11.986374212267519	-11.991460816809521	-11.996981354669519	-12.002898280285242	-12.009175491195357	-12.015778327927427	-12.022673564683139	-12.02982942207137	-12.03721556876722	-12.04480314560469	-12.052564775156885	-12.060474591900114	-12.06850825244573	-12.076642962313674	-12.084857476018476	-12.093132109244724	-12.101448719776775	-12.109790697814796	-12.118142925078114	-12.126491745203811	-12.13482490840452	-12.143131532266647	-12.15140204583781	-12.159628154951482	-12.167802797603416	-12.175920122958471	-12.183975461373663	-12.191965313724225
-16.	-14.782155566093687	-14.708056043464687	-14.634064874875001	-14.560194891226015	-14.486460394016504	-14.41287730332889	-14.339463332608336	-14.26623816122077	-14.193223636938923	-14.12044397241437	-14.04792597371883	-13.975699256711218	-13.903796495675692	-13.832253650249374	-13.761110222613903	-13.690409473866941	-13.620198671238764	-13.55052927091678	-13.48145711123298	-13.413042523637714	-13.345350427986526	-13.278450312649671	-13.212416170102333	-13.14732628135072	-13.083262918951874	-13.020311867979045	-12.958561831381191	-12.89810363558354	-12.839029298705064	-12.781430912299028	-12.725399391160094	-12.671023094088262	-12.618386358316299	-12.56756801351932	-12.518639896208215	-12.47166549218243	-12.426698689669688	-12.38378281478719	-12.342949874194403	-12.304220192852945	-12.267602292012258	-12.233093200536869	-12.200678959823485	-12.17033548793244	-12.142029540240664	-12.11571989536859	-12.091358505285577	-12.068891736116644	-12.048261486076116	-12.029406263567498	-12.012262124359669	-11.99676349348362	-11.982843886928485	-11.970436508878594	-11.9594747124625	-11.94989241422237	-11.941624394075726	-11.934606543786735	-11.928776053317577	-11.92407155767736	-11.920433228017759	-11.917802832776628	-11.916123797176418	-11.91534120620862	-11.915401817734875	-11.916254049786552	-11.917847560552598	-11.920135258182318	-11.923069201075855	-11.92660464509685	-11.930697978399982	-11.935307098119395	-11.940391180500566	-11.945911704694705	-11.951830337116382	-11.958111024265701	-11.964718892422134	-11.971620541236524	-11.9787838752117	-11.98617856927487	-11.993775174746151	-12.001546322344817	-12.009465602111232	-12.017508378126083	-12.025651590544074	-12.033873562590177	-12.042154237961716	-12.050475129471138	-12.058819274518447	-12.06717120202214	-12.075517001666915	-12.08384414077508	-12.09214151547332	-12.10039935327065	-12.108609178806478	-12.11676375857794	-12.124857071460518	-12.13288426238602	-12.14084163573443	-12.14872662011321	-12.156537758935839
-15.9	-14.584064546871003	-14.510194507136418	-14.436459944660676	-14.36287677809573	-14.289462719240168	-14.216237445565968	-14.14322280266331	-14.07044300066782	-13.997924842744997	-13.925697941393908	-13.85379496700504	-13.78225187469708	-13.71110816031069	-13.640407082049725	-13.570195896728272	-13.500526053202604	-13.431453379915128	-13.363038196665206	-13.295345409337065	-13.228444490613033	-13.162409413023965	-13.097318434818249	-13.033253801211982	-12.97030126478286	-12.90854948973301	-12.848089256555143	-12.789012528580905	-12.731411332718244	-12.675376507275706	-12.62099632137216	-12.568355007584113	-12.517531274544247	-12.468596820151062	-12.421614973607461	-12.37663944884641	-12.333713381814428	-12.292868576378092	-12.254125147578145	-12.217491407052174	-12.182964184207613	-12.15052934300816	-12.120162658913916	-12.091830793279216	-12.065492491287737	-12.041099742619897	-12.018599028337531	-11.997932440789388	-11.979038758595452	-11.961854374497953	-11.946314106397542	-11.932351900227017	-11.919901414343459	-11.908896460428284	-11.899271402361428	-11.890961443268091	-11.883902863986792	-11.878033200912157	-11.87329138991433	-11.869617855054843	-11.866954570290849	-11.865245118299848	-11.864434702506108	-11.864470157348586	-11.865299943020105	-11.866874136301696	-11.869144404724613	-11.872063988853137	-11.875587674620808	-11.879671769252008	-11.884274072398197	-11.88935385837214	-11.894871849307147	-11.900790203128357	-11.90707249364087	-11.913683707806547	-11.92059023328422	-11.92775986671036	-11.935161811070728	-11.942766695284503	-11.950546581144456	-11.958474992549712	-11.966526928671174	-11.97467889715888	-11.982908925487898	-11.991196588224232	-11.999523005646056	-12.007870853447663	-12.016224339585971	-12.024569189286844	-12.032892598351893	-12.041183196295586	-12.049430984076436	-12.057627287534558	-12.065764694516103	-12.073837013266505	-12.081839222655399	-12.089767444918051	-12.097618912297143	-12.105391951564403	-12.113085957457914	-12.120701373492224
-15.8	-14.38645961487744	-14.31287639167668	-14.239462266838373	-14.16623691635511	-14.093222184107615	-14.020442278256885	-13.947923999682493	-13.875696958235363	-13.803793821230853	-13.73225054021255	-13.661106606853249	-13.5904052744898	-13.520193794233728	-13.450523608247309	-13.381450537088401	-13.313034891252162	-13.245341565607708	-13.17844001977365	-13.112404210740994	-13.047312378253885	-12.98324674543982	-12.920293038506296	-12.858539890128721	-12.798078043147994	-12.738999415927209	-12.6813959818163	-12.625358515453227	-12.570975210644184	-12.51833021127352	-12.467502122351755	-12.41856252166499	-12.37157460082573	-12.326591918125132	-12.283657436452575	-12.242802770885202	-12.204047835628755	-12.167400734785748	-12.132858091507392	-12.100405574507459	-12.070018786846768	-12.04166425322551	-12.015300630934458	-11.990879882487619	-11.968348531831209	-11.947648789636368	-11.928719630387869	-11.911497714537067	-11.89591819218498	-11.881915394787647	-11.869423394334623	-11.858376447982184	-11.848709360075242	-11.840357765024677	-11.83325835114701	-11.827349029651431	-11.822569067877168	-11.818859182279931	-11.816161590156625	-11.81442007377767	-11.813579990372128	-11.813588291178062	-11.8143935124208	-11.815945775563291	-11.818196760374443	-11.821099694922774	-11.82460932720748	-11.82868190657528	-11.833275156459056	-11.838348258050374	-11.84386182558895	-11.849777894866182	-11.856059903915645	-11.862672689794383	-11.869582475394028	-11.876756875991921	-11.884164894827581	-11.891776940088391	-11.899564829749867	-11.907501818691372	-11.915562611071044	-11.923723393841335	-11.931961850811788	-11.940257194387492	-11.948590171364652	-11.956943081322141	-11.965299763394036	-11.9736455911877	-11.981967434657697	-11.990253629475008	-11.998493917525328	-12.006679399184922	-12.014802465608192	-12.022856748855533	-12.030837061676595	-12.038739359585373	-12.046560697488605	-12.05429920746515	-12.061954069705546	-12.06952549621769	-12.077014699026584	-12.084423861353168
-15.7	-14.189461934811336	-14.116236526997834	-14.04322172786304	-13.970441744026683	-13.897923374579229	-13.82569622729479	-13.753792967071762	-13.682249542637964	-13.611105442422605	-13.540403915850806	-13.470192209432621	-13.4005217601983	-13.33144838236616	-13.26303237902575	-13.195338636272231	-13.128436603265216	-13.062400224541717	-12.997307725019477	-12.933241309946988	-12.870286684470232	-12.808532455466866	-12.748069335200471	-12.688989205251467	-12.63138399492631	-12.57534442615968	-12.520958630033569	-12.468310675884117	-12.417479080868691	-12.368535319837553	-12.321542465033293	-12.276553937786685	-12.23361254615578	-12.19274973301342	-12.153985225098621	-12.1173269273128	-12.082771257845314	-12.05030368238195	-12.019899613125771	-11.991525407639932	-11.965139592672223	-11.940694049501351	-11.918135281175891	-11.89740554689365	-11.878443943949454	-11.861187329309915	-11.845571119835444	-11.831529974337833	-11.818998342808564	-11.807910884776254	-11.798202837112571	-11.789810260087743	-11.782670258354	-11.776721135734798	-11.771902521098987	-11.768155449583457	-11.76542242140016	-11.763647454057901	-11.762776098105642	-11.76275545675774	-11.763534179649769	-11.76506246416884	-11.767292036306431	-11.770176138319817	-11.773669508267274	-11.777728361560127	-11.78231036707618	-11.787374633236569	-11.79288168512787	-11.79879345413644	-11.805073259714568	-11.811685805911742	-11.818597168476469	-11.82577479990109	-11.833187523761215	-11.840805549393984	-11.84860047450108	-11.856545309740282	-11.864614489328526	-11.872783903481261	-11.88103091317418	-11.889334384403735	-11.897674698956802	-11.906033779923273	-11.914395087575214	-11.92274362443143	-11.931065907168747	-11.939349944811845	-11.947585185517834	-11.955762471590932	-11.96387397046989	-11.971913119952921	-11.979874559387605	-11.987754081206944	-11.995548576484108	-12.003256002771142	-12.010875347951899	-12.01840661126409	-12.025850775004699	-12.033209784104557	-12.04048650473787	-12.047684676218294
-15.6	-13.9932213930051	-13.920441350961521	-13.84792291348405	-13.775695686727117	-13.703792333699035	-13.63224880092117	-13.561104574239451	-13.490402899189975	-13.420191021301395	-13.350520370828223	-13.281446757889565	-13.213030479701718	-13.145336415379468	-13.078434005588003	-13.012397185479337	-12.947304167539816	-12.883237142936036	-12.820281799683348	-12.758526724013484	-12.698062603337908	-12.638981289392225	-12.581374675357443	-12.525333439914402	-12.470945662162297	-12.418295349331947	-12.367460944736315	-12.318513835870109	-12.271516992573181	-12.226523717183165	-12.183576681280975	-12.142707173352274	-12.103934748700548	-12.067267125758045	-12.032700525235066	-12.00022021019595	-11.969801393223696	-11.941410245413149	-11.915005131892741	-11.890537809780941	-11.867954707513244	-11.847198070343536	-11.82820704977025	-11.810918629521604	-11.795268425218572	-11.781191361033393	-11.768622210411083	-11.757496001257685	-11.747748369055419	-11.739315788027762	-11.732135777684784	-11.726147043836585	-11.721289594492355	-11.717504812657351	-11.714735509091717	-11.7129259718318	-11.712021980390809	-11.711970825915088	-11.71272130652617	-11.714223730731616	-11.716429901353342	-11.719293106013875	-11.722768099798692	-11.726811089705476	-11.731379713588572	-11.736433028379187	-11.74193148962624	-11.74783694251738	-11.754112605060403	-11.760723065286738	-11.767634268561139	-11.774813522127554	-11.782229488534849	-11.78985219847597	-11.797653051446368	-11.805604837734593	-11.813681746771854	-11.821859397473292	-11.83011485228667	-11.838426651900624	-11.846774828955994	-11.855140938495454	-11.86350806132463	-11.871860818388297	-11.880185352984563	-11.88846931940184	-11.896701838418165	-11.904873458930764	-11.912976091426865	-11.921002952059453	-11.928948488481893	-11.936808322659386	-11.944579185890708	-11.952258874923832	-11.959846206032072	-11.967340988315915	-11.974743994372053	-11.982056940506615	-11.989282456577563	-11.996424053085054	-12.00348606961049	-12.010473596173979
-15.5	-13.797922575052548	-13.725695288980008	-13.653791866477103	-13.582248252346004	-13.51110393041433	-13.44040214337266	-13.370190135406665	-13.30051933196171	-13.231445539808657	-13.163029051497208	-13.095334740617787	-13.028432041164322	-12.962394880641773	-12.89730146180677	-12.833233964534383	-12.77027806306028	-12.708522327176999	-12.648057424118754	-12.588975181466328	-12.531367463061978	-12.47532491221315	-12.420935565275862	-12.36828337810333	-12.317446732418288	-12.26849694224625	-12.221496890459212	-12.176499777196314	-12.133548155308777	-12.092673176937401	-12.053894243345054	-12.017218901976744	-11.982643188053334	-11.950152168650728	-11.9197208561161	-11.891315225348245	-11.864893459512873	-11.84040715974561	-11.817802636651614	-11.797022068269488	-11.77800459846146	-11.76068727146671	-11.74500583387787	-11.730895410750104	-11.718291038035943	-11.707128069402817	-11.697342495597942	-11.688871182405492	-11.68165205202462	-11.675624212522093	-11.670728059924276	-11.666905346962785	-11.664099217307855	-11.662254260572361	-11.661316518044808	-11.661233503050278	-11.66195419630946	-11.663429052510752	-11.665609982428743	-11.668450350931536	-11.671904958262093	-11.675930029681512	-11.680483196777931	-11.685523487459125	-11.691011308347855	-11.69690843742139	-11.70317800898752	-11.709784512029437	-11.7166937781012	-11.723872985877215	-11.731290654276096	-11.738916654022008	-11.746722206760559	-11.754679904680675	-11.762763716561178	-11.77094901550766	-11.779212591212397	-11.78753268367077	-11.795888997724013	-11.804262736318957	-11.812636609186972	-11.820994854778998	-11.829323232091804	-11.837609019972254	-11.845840982887813	-11.854009341994207	-11.862105714697044	-11.870123061576606	-11.878055610811343	-11.885898795509807	-11.893649179624123	-11.901304403451824	-11.908863125639982	-11.916324986734145	-11.923690572491633	-11.93096139074243	-11.93813984512105	-11.945229212297768	-11.95223360130339	-11.959157906363776	-11.966007737980783	-11.972789308412676
-15.4	-13.603791523531532	-13.532247848682653	-13.461103455447507	-13.39040158473326	-13.320189478171535	-13.250518559371294	-13.181444631418591	-13.113027983403839	-13.045333484566434	-12.978430563707722	-12.912393142002806	-12.84729941488429	-12.783231553003189	-12.720275219655274	-12.65851897151098	-12.598053459595214	-12.538970491999237	-12.48136190890712	-12.42531832480359	-12.370927741167405	-12.318274071609178	-12.267435646868556	-12.218483719702657	-12.171481099808297	-12.126480900453249	-12.08352557238865	-12.042646148947897	-12.003861895103785	-11.96718020427476	-11.932596941091013	-11.900096987857074	-11.86965516245168	-11.84123724185133	-11.814801216429265	-11.790298509974763	-11.76767528269822	-11.746873601894055	-11.727832550326381	-11.710489172600646	-11.69477925401826	-11.680638136976905	-11.668000978319073	-11.65680342364199	-11.646981779341555	-11.638473266640888	-11.631216175479643	-11.625150044966382	-11.620215622816778	-11.616355052398877	-11.613511832498583	-11.611630876548368	-11.610658513441805	-11.610542524977738	-11.611232089778273	-11.612677854719646	-11.614831863624346	-11.617647589995524	-11.62107991197146	-11.625085100868525	-11.629620806893174	-11.634646052563637	-11.640121215834125	-11.646008029408737	-11.652269561660487	-11.658870220205579	-11.66577573918736	-11.672953185051687	-11.680370949649653	-11.687998761085915	-11.695807681804125	-11.703770126419325	-11.711859865518809	-11.720052050770724	-11.728323224914696	-11.736651353385675	-11.745015838108477	-11.753397551484346	-11.761778848181411	-11.770143592435492	-11.778477157785412	-11.786766436102075	-11.794999814300835	-11.8031671560018	-11.811259750378161	-11.819270265618053	-11.827192675774759	-11.835022196834775	-11.842755206827567	-11.850389182070902	-11.857922628191153	-11.86535503176173	-11.872686812898085	-11.879919294955569	-11.887054676224635	-11.894096009171928	-11.901047170484366	-11.907912828830604	-11.914698393465663	-11.921409937472136	-11.928054113169088	-11.934638029720729
-15.3	-13.411103106795107	-13.340401173587189	-13.27018899230745	-13.200517987849516	-13.131443957618531	-13.063027188953487	-12.995332547684722	-12.928429458526624	-12.862391837527815	-12.79729787482119	-12.733229733260323	-12.670273067669545	-12.608516424150542	-12.548050440910592	-12.488966910359911	-12.43135765371521	-12.375313262086822	-12.320921708714462	-12.268266872639398	-12.217427042740745	-12.168473421085231	-12.121468756306637	-12.076466088536716	-12.033507781671752	-11.992624766750449	-11.953836189777697	-11.917149307601282	-11.882559830801622	-11.850052471207075	-11.819601862637471	-11.79117358889528	-11.764725444795255	-11.740208664744225	-11.717569236115885	-11.696749081941023	-11.677687180289176	-11.66032052147564	-11.644584926358027	-11.630415727798159	-11.617748309947741	-11.606518471864229	-11.596662824690794	-11.588118869994256	-11.580825270337714	-11.574721898870017	-11.569749926897218	-11.565851852059108	-11.56297156321937	-11.561054300105521	-11.560046706366803	-11.559896859965699	-11.560554177338705	-11.561969505666807	-11.564095082859426	-11.566884508230693	-11.57029276659259	-11.574276210773988	-11.578792528005748	-11.583800762705959	-11.589261293101764	-11.595135823372864	-11.601387374777746	-11.607980291998269	-11.614880230983564	-11.622054159766217	-11.629470360240092	-11.637098434125827	-11.644909302005614	-11.652875219536364	-11.66096977973588	-11.669167935393777	-11.677446007184942	-11.685781711892652	-11.694154174959264	-11.70254396340952	-11.710933098616517	-11.719305086615131	-11.727644923651496	-11.735939113091915	-11.74417565229688	-11.752344025330686	-11.760435162622898	-11.768441403969018	-11.7763564316312	-11.784175209277468	-11.791893900236419	-11.79950979798207	-11.807021247737415	-11.814427586719196	-11.821729084068048	-11.828926901405035	-11.836023055354334	-11.843020405057612	-11.849922586947315	-11.856734046156618	-11.86345996852022	-11.870106226299788	-11.8766793445115	-11.883186364540972	-11.889634725096563	-11.896032155423564
-15.2	-13.22018863647963	-13.150517567305133	-13.081443460435974	-13.013026601180119	-12.945331852636619	-12.878428636328742	-12.812390864466574	-12.747296722509946	-12.683228367659527	-12.620271447916389	-12.55851450092772	-12.49804815496009	-12.43896418970563	-12.381354411211412	-12.325309391902229	-12.270917082153119	-12.21826133299494	-12.167420399177619	-12.1184654410799	-12.07145915682902	-12.026454525530543	-11.983493837911658	-11.94260793790656	-11.903815868961084	-11.8671247685049	-11.832530210212136	-11.800016751516015	-11.769558855852914	-11.741121923438966	-11.714663557248253	-11.690134798345515	-11.667481448124791	-11.646645261598213	-11.62756507805073	-11.610177790525679	-11.594419173210667	-11.580224572895188	-11.56752944852613	-11.55626976313535	-11.54638229687592	-11.537804847065171	-11.53047637641551	-11.524337102399128	-11.519328560040805	-11.515393630963484	-11.51247655176331	-11.51052293772426	-11.509479772033458	-11.509295409522476	-11.509919568957129	-11.511303332754764	-11.513399132923789	-11.51616074986944	-11.519543301616322	-11.523503237174813	-11.52799832685436	-11.532987658680728	-11.538431627668633	-11.544291935108289	-11.55053157969591	-11.557114860011415	-11.564007367697604	-11.571175993864529	-11.57858892438054	-11.586215650784773	-11.594026968103003	-11.601994990257122	-11.610093151395848	-11.618296226395548	-11.626580336199368	-11.634922974137915	-11.643303015541086	-11.65170074869176	-11.660097887047684	-11.668477600391423	-11.676824523661855	-11.685124779756764	-11.693365974572421	-11.70153720009893	-11.709629005257103	-11.717633370100225	-11.72554364828061	-11.733354512691204	-11.741061876008134	-11.748662819784457	-11.756155509614965	-11.763539125994937	-11.770813806104242	-11.777980522071786	-11.785041175016369	-11.791998420201026	-11.79885571415924	-11.805617270409469	-11.812288058719885	-11.818873710759345	-11.825380568136236	-11.831815524074186	-11.838185972343007	-11.844499671546512	-11.850764632564003	-11.856988909535346
-15.1	-13.031443095410701	-12.963026168547572	-12.895331339702434	-12.828428027921717	-12.762390142420495	-12.697295864838265	-12.633227348527164	-12.570270235539676	-12.508513057134758	-12.448046433534834	-12.388962134536335	-12.331351954039205	-12.275306449640228	-12.220913553259498	-12.16825709344229	-12.117415297198853	-12.068459290955197	-12.021451731376402	-11.976445547076496	-11.933482967719243	-11.89259476381955	-11.853799891403286	-11.817105384811319	-11.782506697786463	-11.74998825021718	-11.719524350781816	-11.691080229109925	-11.664613305074262	-11.64007442902605	-11.617409211280641	-11.596559224247276	-11.577463144011974	-11.560057721813777	-11.544278667376002	-11.530061264677073	-11.517340993854214	-11.506053910393677	-11.496136940578443	-11.487528088042067	-11.480166589753019	-11.473992961094327	-11.468949076359108	-11.464978178730307	-11.462024870034723	-11.460035124467144	-11.458956276979702	-11.45873700366279	-11.459327324583406	-11.460678587869378	-11.462743459051842	-11.465475920410134	-11.468831255356234	-11.472766045733128	-11.477238164284445	-11.482206771514688	-11.487632307305157	-11.49347649323582	-11.499702324554656	-11.506274075192234	-11.51315729282119	-11.520318806508838	-11.527726723461548	-11.535350440667555	-11.543160643187312	-11.551129319433402	-11.559229761860978	-11.56743658603347	-11.575725734191819	-11.584074499081067	-11.59246153101743	-11.600866866198674	-11.6092719371297	-11.61765960289998	-11.626014159217622	-11.63432136453473	-11.642568441061941	-11.650744086427196	-11.658838454968704	-11.66684314347343	-11.674751144830918	-11.682556803437173	-11.690255742112729	-11.697844793833264	-11.705321914958379	-11.712686109621297	-11.71993734760578	-11.727076502390936	-11.734105287383704	-11.741026231414754	-11.747842575123178	-11.754558379438997	-11.761178363946216	-11.767707965550732	-11.774153278212681	-11.780521019635602	-11.786818428649447	-11.793053234599876	-11.7992334763351	-11.805367395174889	-11.811463260169377	-11.81752921082539
-15.	-12.845330963064002	-12.778427580033568	-12.712389609465227	-12.647295230183454	-12.58322659210702	-12.520269333091981	-12.458511979251007	-12.39804514448793	-12.3389605908182	-12.281350102554034	-12.225304225450605	-12.170910876809439	-12.118253867108251	-12.067411401068487	-12.018454577625045	-11.971446019656128	-11.926438614346814	-11.883474540852891	-11.84258450840595	-11.803787399320116	-11.767090159966067	-11.732488140406483	-11.69996563980234	-11.669496828620018	-11.64104678106683	-11.614572746230586	-11.590025391586249	-11.567350137921721	-11.54648836866846	-11.527378580466195	-11.509957377488107	-11.494160310077822	-11.479922606496812	-11.467179712483725	-11.455867703201939	-11.445923597400425	-11.437285464763674	-11.429893017617182	-11.423686770004771	-11.418608993863794	-11.414603075503607	-11.411614527812613	-11.40958908751953	-11.408474748907022	-11.408220405777508	-11.408776436538405	-11.410094386299443	-11.412127457304534	-11.414829572115549	-11.41815635039287	-11.422064465616383	-11.426511988597632	-11.431458099872632	-11.436863422144885	-11.442689606392245	-11.44889977853401	-11.455458116527028	-11.462330165975901	-11.469482748053194	-11.476883877457478	-11.48450287909371	-11.492310347391673	-11.500278160041841	-11.508379472137202	-11.516588772870398	-11.524881835630486	-11.533235776453983	-11.541629042987982	-11.550041445056646	-11.558454160928893	-11.566849766901745	-11.575212243861493	-11.583527008930387	-11.591780916372466	-11.599962277033768	-11.608060847950066	-11.616067829044006	-11.623975828047406	-11.631778827891681	-11.63947212299479	-11.64705225767306	-11.654516941718041	-11.661864972739217	-11.66909614814319	-11.676211191514007	-11.683211679198587	-11.690099986191568	-11.696879242302494	-11.703553285896662	-11.710126670478857	-11.716604608727911	-11.72299297400107	-11.72929826087159	-11.735527534526685	-11.741688367234483	-11.747788758462978	-11.753836997909064	-11.759841542360148	-11.765810844253936	-11.771753178521228	-11.777676459099466
-14.9	-12.66238921806424	-12.597294762801779	-12.533226033660602	-12.470268664975032	-12.408511178964515	-12.348044184549074	-12.28895943780221	-12.231348715348386	-12.175302553690678	-12.1209088585098	-12.068251425962488	-12.017408442912616	-11.968450986234929	-11.921441651485	-11.87643329212235	-11.833468045886969	-11.792576571334143	-11.753777689247784	-11.717078271764661	-11.682473580401238	-11.649947809785457	-11.619475008830907	-11.591020112570142	-11.564540213984172	-11.539985809312034	-11.517302136653916	-11.496430391047534	-11.477308885719244	-11.45987403849392	-11.444061256514592	-11.429805642738547	-11.41704256544218	-11.405708074825677	-11.395739224625501	-11.387074269685149	-11.379652805821063	-11.373415837898703	-11.368305810328684	-11.36426659373738	-11.361243480825575	-11.359183150142945	-11.358033636372742	-11.357744304759667	-11.358265822859135	-11.359550139634726	-11.361550468132963	-11.364221272502318	-11.367518255776611	-11.371398354553392	-11.375819731591722	-11.380741776119821	-11.386125098395503	-11.391931534310865	-11.39812414291424	-11.404667213903508	-11.411526267041765	-11.418668062924432	-11.426060603257817	-11.433673144521425	-11.441476198870047	-11.449441549870327	-11.457542254046892	-11.46575265848668	-11.474048402664604	-11.482406438646855	-11.490805033999651	-11.499223794685234	-11.507643670552493	-11.516046980790932	-11.52441742165583	-11.532740092853551	-11.54100150350774	-11.549189593531985	-11.557293730045354	-11.56530471276917	-11.573214750230006	-11.581017369589356	-11.58870771040209	-11.596281781425343	-11.603737074093456	-11.61107214173285	-11.618286578620864	-11.6253809009757	-11.632356652573995	-11.639215961645164	-11.645961858163476	-11.65259803597905	-11.659128874762743	-11.665559380424028	-11.67189525870162	-11.678142723868824	-11.684308678279226	-11.690400472512833	-11.696425976802354	-11.70239345003372	-11.708311392674249	-11.714188443003199	-11.720033207918057	-11.725854079750981	-11.731659071866488	-11.737455619932286
-14.8	-12.483225623453464	-12.42026817292147	-12.35851058795629	-12.298043473663743	-12.238958581384722	-12.181347681871843	-12.125301304318029	-12.070907345305722	-12.018249589644972	-11.967406210065212	-11.91844826582037	-11.871438330554234	-11.826429230503015	-11.783463069734577	-11.742570465276053	-11.703770187041263	-11.667069045194165	-11.632462226497376	-11.59993383620991	-11.56945781783792	-11.540998983748207	-11.514514286776453	-11.489954066108547	-11.467263388047959	-11.446383265193026	-11.427251820182713	-11.409805284514341	-11.393978915188256	-11.379707637317058	-11.366926714129708	-11.355572124639533	-11.345580903253431	-11.336891344021334	-11.32944315495129	-11.323177489970375	-11.318037012773654	-11.313965864539464	-11.310909632200584	-11.308815323055908	-11.307631317043064	-11.307307319912418	-11.307794341717644	-11.309044654988764	-11.311011776217727	-11.313650449257626	-11.31691662659345	-11.320767464127734	-11.325161312946276	-11.330057718720289	-11.335417417887568	-11.341202343476885	-11.347375623435733	-11.353901590459957	-11.360745782925894	-11.367874957257449	-11.375257090272196	-11.382861394100782	-11.390658318643524	-11.398619568292792	-11.40671810439339	-11.414928162916617	-11.423225256302041	-11.431586192686035	-11.439989077505343	-11.448413334308782	-11.456839707787749	-11.465250286431097	-11.473628507771577	-11.48195918270991	-11.490228501041939	-11.498424054040578	-11.506534834717195	-11.51455124973893	-11.522465104724542	-11.53026959445511	-11.537959262821218	-11.54552996323883	-11.552978790087328	-11.560304010798934	-11.567504977673735	-11.574582043804462	-11.581536474895637	-11.588370370132163	-11.595086590009924	-11.601688701339084	-11.60818093350287	-11.614568142009215	-11.620855797610544	-11.627049961247586	-11.633157261701285	-11.639184875836687	-11.645140483642537	-11.651032197046415	-11.656868481410013	-11.662658035649526	-11.668409637666464	-11.674132062202197	-11.679833768426741	-11.685522840994603	-11.691206767448367	-11.696892267996821
-14.7	-12.308510153728578	-12.248042949954677	-12.188957948697176	-12.13134691616155	-12.075300375857182	-12.020906217266749	-11.968248216305104	-11.91740453456984	-11.86844621736676	-11.821435820899879	-11.776426149606841	-11.73345928041146	-11.692565796614643	-11.653764426475254	-11.617061928948846	-11.582453428380656	-11.549922954539953	-11.519444360727316	-11.490982352768654	-11.464493759725046	-11.439928779365054	-11.417232323907939	-11.39634522162496	-11.377205424480293	-11.359748974351017	-11.343910936197187	-11.329626087487767	-11.316829528028045	-11.30545712863824	-11.295445863956566	-11.286734015196288	-11.279261332651624	-11.272969088538588	-11.267800102641532	-11.263698730355525	-11.26061084602756	-11.258483732615046	-11.257266102310664	-11.25690800168622	-11.25736077538933	-11.258577030387931	-11.260510607288385	-11.263116541701628	-11.266351062137858	-11.270171570167053	-11.27453663196982	-11.279405977838207	-11.284740499237929	-11.290502252342295	-11.296654461035791	-11.30316152558374	-11.309989026395563	-11.317103737525064	-11.324473631082645	-11.332067893447354	-11.33985692964163	-11.34781238094378	-11.355907128878334	-11.364115313218827	-11.37241233436256	-11.380774872262101	-11.389180887173172	-11.397609639013359	-11.40604168843141	-11.414458916731592	-11.422844528592126	-11.431183073608164	-11.439460450004868	-11.447663926655043	-11.455782144741818	-11.463805133590371	-11.471724302676463	-11.479532441174156	-11.487223689152385	-11.494793510538061	-11.502238636297701	-11.509557006664354	-11.516747689205204	-11.523810797492711	-11.530747412633406	-11.537559434876208	-11.54424962093278	-11.550821403068062	-11.557278884783761	-11.563626773253034	-11.569870382489922	-11.576015564840146	-11.582068765549819	-11.588036935640961	-11.59392754913385	-11.599748519001093	-11.605508200707472	-11.611215237391008	-11.616878497943503	-11.622506899646897	-11.628109287001852	-11.633694226121001	-11.639269850345393	-11.644843667760084	-11.650422406946928	-11.656011860531967
-14.6	-12.138957483701631	-12.081346351854245	-12.025299689630273	-11.970905381050018	-11.91824719506849	-11.867403284597923	-11.818444684004039	-11.771433935699594	-11.726423826816394	-11.683456412590312	-11.642562249176757	-11.603760031042627	-11.567056475252459	-11.53244665459459	-11.499914535803239	-11.469433895946116	-11.440969349581058	-11.41447761808914	-11.389908774062063	-11.36720758301279	-11.346314732077472	-11.327167978123054	-11.30970318685484	-11.293855234012328	-11.279558719713103	-11.26674857903192	-11.255360549684546	-11.245331490837971	-11.236599627499185	-11.229104704297498	-11.22278804840441	-11.217592591349757	-11.213462866067632	-11.210344947525435	-11.208186407507196	-11.206936243171896	-11.20654482597119	-11.206963833753552	-11.208146210406973	-11.210046118928947	-11.212618915363075	-11.215821118607668	-11.219610399282024	-11.223945565468327	-11.228786559399946	-11.234094453948554	-11.239831457885863	-11.24596091687319	-11.252447325087193	-11.259256329522316	-11.266354745007082	-11.273710560424783	-11.281292956404858	-11.289072311328004	-11.29702022054049	-11.30510950160981	-11.313314213215877	-11.321609658529278	-11.329972404164105	-11.33838028076519	-11.34681240154945	-11.355249161923203	-11.363672257102568	-11.372064682608595	-11.380410752732729	-11.388696101754793	-11.396907704104418	-11.405033875463934	-11.41306429008046	-11.420989976887547	-11.428803325865147	-11.43649806872965	-11.444069263634887	-11.451513250654871	-11.458827606303876	-11.466011071086704	-11.473063476062132	-11.479985665257798	-11.486779341302968	-11.493447109835248	-11.49999226784941	-11.506418785203726	-11.512731257420485	-11.518934855968013	-11.525035269887834	-11.531038764050951	-11.536952082006902	-11.54278247162432	-11.548537651793456	-11.554225789305066	-11.559855403527799	-11.565435321066637	-11.570974538023565	-11.57648208714559	-11.581966885204002	-11.58743756167222	-11.59290228111424	-11.598368564052702	-11.603843130680533	-11.609331745567303	-11.614839102387478
-14.5	-11.975299185064268	-11.920904764491265	-11.868246439839904	-11.817402357379114	-11.768443542868852	-11.721432527956999	-11.67642208616171	-11.633454255515662	-11.59255957052444	-11.553756698511915	-11.517052322603153	-11.482441473441638	-11.449908065723879	-11.419425812865141	-11.390959252251596	-11.364465012926289	-11.339893058414487	-11.317188027619894	-11.29629045738767	-11.277137962884037	-11.25966621582236	-11.24380991648514	-11.229503477084842	-11.216681660085005	-11.205280030890858	-11.195235322383317	-11.186485652582718	-11.178970716795833	-11.172631840456003	-11.167412022405294	-11.163255904644982	-11.160109741063321	-11.157921323308631	-11.156639919359227	-11.156216193084509	-11.156602145121148	-11.157751047487148	-11.159617395118396	-11.162156866886779	-11.165326292090153	-11.169083630343955	-11.173387954572576	-11.178199445137196	-11.183479383884245	-11.189190159089314	-11.19529526624437	-11.201759319937219	-11.208548059432072	-11.215628364798905	-11.222968264505433	-11.230536954729104	-11.238304807051698	-11.246243388985377	-11.254325470982499	-11.262525046372609	-11.270817336017297	-11.279178807748444	-11.287587177441308	-11.296021426993729	-11.304461803467518	-11.312889834757325	-11.321288328386684	-11.329641387087175	-11.337934407419024	-11.34615409705515	-11.35428847431223	-11.36232688475443	-11.370259999013042	-11.378079823311372	-11.385779687178971	-11.393354237837496	-11.400799407523253	-11.408112380711366	-11.415291533439063	-11.422336371165185	-11.429247442624197	-11.436026256738621	-11.44267518815384	-11.449197387229411	-11.4555967045522	-11.461877609168223	-11.46804514647722	-11.474104892926494	-11.480062932873109	-11.485925832390642	-11.491700636911816	-11.497394854650672	-11.503016437574914	-11.508573734001702	-11.514075431607948	-11.51953052794355	-11.524948089916293	-11.530337250391389	-11.535706992271674	-11.54106598237309	-11.546422396837336	-11.551783776457516	-11.557156793130972	-11.562547178797871	-11.567959549067536	-11.573397433947708
-14.4	-11.818245884314143	-11.767401673326193	-11.718442698393694	-11.671431482837674	-11.62642078948958	-11.583452642891514	-11.542557560440102	-11.503754187850307	-11.467049181027182	-11.432437536528134	-11.399903126547235	-11.369419611979803	-11.340951465778376	-11.314455238880615	-11.28988080118249	-11.267172681107139	-11.246271287287055	-11.227114080133592	-11.209636585420425	-11.193773333722156	-11.179458530415165	-11.166626763961789	-11.1552134223449	-11.145155074523451	-11.13638971309742	-11.12885694223127	-11.122498030757262	-11.11725598727693	-11.113075525604268	-11.109903014588594	-11.10768642805673	-11.106375260281345	-11.105920439839801	-11.106274265803526	-11.107390326687497	-11.109223444192258	-11.111729626233707	-11.114866021674631	-11.118590895709694	-11.12286360696092	-11.127644597792704	-11.132895384710544	-11.13857856290883	-11.144657804970308	-11.15109787340991	-11.15786462636478	-11.164925034662792	-11.172247190683423	-11.179800328814585	-11.187554834991262	-11.195482268413945	-11.203555370518783	-11.211748085830347	-11.220035568560256	-11.22839420241774	-11.236801603011275	-11.245236635455003	-11.25367941388282	-11.262111315647378	-11.27051497902137	-11.278874316357452	-11.287174510391292	-11.295402028248922	-11.303544618814035	-11.311591327167285	-11.319532492113222	-11.327359758301473	-11.335066068376893	-11.342645664333359	-11.350094064974321	-11.357408044964714	-11.36458558702113	-11.371625832358664	-11.378529004262413	-11.385296331935153	-11.391929957717043	-11.398432847031732	-11.40480869216091	-11.411061843268701	-11.41719722901974	-11.423220308900419	-11.429137034559142	-11.434953818825965	-11.44067752368214	-11.44631545740924	-11.451875357614247	-11.45736536951888	-11.462794017572916	-11.468170138693425	-11.473502802702434	-11.478801210425493	-11.484074548292977	-11.48933184155367	-11.494581784771626	-11.499832561686816	-11.505091673326646	-11.510365781952451	-11.515660541225262	-11.52098056776198	-11.526329236515362	-11.531708718252256
-14.3	-11.668442076837703	-11.621430711246727	-11.5764198290975	-11.533451444426182	-11.492556061225008	-11.453752308176194	-11.417046819561996	-11.382434564649051	-11.349899381303532	-11.319414887576416	-11.290945503282249	-11.264447714154592	-11.239871310852621	-11.21716072688393	-11.196256258782364	-11.177095237051477	-11.159613040315596	-11.143744021707489	-11.12942224724979	-11.116582089007817	-11.105158757568551	-11.095088647838967	-11.086309595418166	-11.078761070122132	-11.07238426821087	-11.06712214418505	-11.062919424690064	-11.059722554953586	-11.05747963958554	-11.056140343763085	-11.05565583434017	-11.055978671970172	-11.057062745788741	-11.058863191364138	-11.06133634320654	-11.064439673986708	-11.0681317661661	-11.072372281390903	-11.077121944722935	-11.082342531858188	-11.087996870314607	-11.094048837498725	-11.1004633710312	-11.10720647536941	-11.114245238566467	-11.121547842548091	-11.129083583967434	-11.136822885692679	-11.144737319763067	-11.15279961791246	-11.160983693772545	-11.169264651432275	-11.177618805803988	-11.18602368681136	-11.194458057133785	-11.202901912349379	-11.21133649461433	-11.219744289616022	-11.228109038063513	-11.236415730065001	-11.244650616165192	-11.252801202106992	-11.260856260570888	-11.268805826820477	-11.2766412104045	-11.284354989244624	-11.291941015190456	-11.299394398956776	-11.306711499207623	-11.31388988712215	-11.320928309505671	-11.327826625089756	-11.334585738546858	-11.341207512948708	-11.347694687881177	-11.354050767424086	-11.360279955764453	-11.366387059463328	-11.372377427699536	-11.378256897856232	-11.38403175534557	-11.389708708971973	-11.395294888561548	-11.400797831342421	-11.40622547361268	-11.411586128699865	-11.416888460048447	-11.42214145161167	-11.427354231351469	-11.43253607975625	-11.43769623438286	-11.442843747914907	-11.447987318471839	-11.453135141050854	-11.458294664579961	-11.463472491697358	-11.468674290747073	-11.473904530954325	-11.479166545126853	-11.484462388865824	-11.489792895345895
-14.2	-11.526419121656968	-11.483450558803218	-11.442554949609088	-11.403750909449915	-11.36704505560578	-11.332432335713895	-11.299896560211213	-11.269411312593096	-11.240940969374956	-11.214441962551014	-11.189864016642556	-11.16715148689245	-11.146244574213897	-11.12708048904658	-11.1095944819535	-11.093720752169464	-11.079393185454132	-11.066546018847522	-11.055114266426267	-11.045034114050734	-11.036243236308962	-11.028680948224109	-11.022288311866314	-11.017008217576137	-11.012785353902617	-11.009566169165979	-11.007298852399503	-11.005933211221043	-11.005420581020692	-11.005713764893894	-11.006766918777561	-11.008535474015469	-11.010976080662088	-11.014046535443386	-11.017705742441334	-11.021913678747685	-11.026631369967834	-11.031820872619935	-11.03744527071236	-11.043468671851345	-11.049856216994248	-11.056574084162934	-11.063589506136498	-11.070870780817813	-11.07838729274293	-11.086109525805925	-11.09400908745109	-11.102058720611705	-11.110232327386496	-11.118504979430403	-11.126852939270357	-11.135253674913676	-11.143685810000195	-11.152129337523418	-11.160565294016216	-11.168976053097177	-11.177345200486704	-11.185657556704387	-11.193899143766423	-11.202057321659856	-11.210120552394162	-11.218078583010291	-11.225922515112787	-11.233644491196005	-11.24123801225346	-11.248697835140662	-11.256019864958297	-11.263201267694646	-11.270240403092668	-11.277136698651105	-11.283890702516027	-11.290503965762122	-11.296978948904341	-11.303318920196892	-11.30952790716819	-11.315610579735118	-11.321572159729556	-11.327418382139978	-11.33315542098527	-11.3387898600595	-11.34432867939092	-11.349779240814495	-11.355149281285952	-11.360446906230703	-11.365680589696588	-11.370859102404184	-11.37599149868094	-11.38108701714122	-11.386154976702864	-11.391204646530726	-11.396245096696752	-11.40128502361975	-11.40633257563382	-11.411395168011254	-11.416479416567064	-11.421590837126988	-11.426733878592755	-11.43191173340621	-11.437126393939991	-11.442378576953661	-11.447667813061894
-14.1	-11.392554129997624	-11.35374987467442	-11.317043745940229	-11.282430674467905	-11.249894449005284	-11.219408625488489	-11.190937545564022	-11.164437597489771	-11.13985845131445	-11.117144393148003	-11.096235541146614	-11.077069023653623	-11.059579955664105	-11.043702414517796	-11.029370136102237	-11.016517169304318	-11.005078353829008	-10.99498971734159	-10.986188730300928	-10.978614537792636	-10.972208056071004	-10.966912040949024	-10.962671103693456	-10.959431679779037	-10.957141967517005	-10.955751856520463	-10.955212829892739	-10.955477871047087	-10.956501370980614	-10.958239034751426	-10.960647806761775	-10.963685799347001	-10.96731224078582	-10.9714874281734	-10.97617270021871	-10.981330411808997	-10.986923926052796	-10.99291760623612	-10.999276822182793	-11.005967953104694	-11.012958404337756	-11.02021661713899	-11.027712090627206	-11.035415395312148	-11.043298198169628	-11.051333275873787	-11.05949453984819	-11.067757048604044	-11.076097029877877	-11.084491888995972	-11.09292022767486	-11.101361846965768	-11.109797761151688	-11.11821019525804	-11.126582594963786	-11.134899619109198	-11.143147146151184	-11.151312264801074	-11.159383279662515	-11.167349701758683	-11.175202255356174	-11.182932870461848	-11.190534689244348	-11.198002057891491	-11.205330527757692	-11.212516838043562	-11.219558901205433	-11.226455765516196	-11.233207574776257	-11.239815503728547	-11.246281698701523	-11.252609150966846	-11.258801653721292	-11.264863719016825	-11.270800420869021	-11.276617372666578	-11.282320648259958	-11.287916729453508	-11.29341246600859	-11.298815086156322	-11.304132149646918	-11.309371555314094	-11.314541571724636	-11.319650777795497	-11.324708052519807	-11.329722521932727	-11.334703476999763	-11.339660277531467	-11.344602207831	-11.34953833646848	-11.354477319717546	-11.359427315159774	-11.364395706019524	-11.369388981969628	-11.374412641110835	-11.379470997279592	-11.384567180756457	-11.389703094783929	-11.394879353010213	-11.400095343742422	-11.405349297814926
-14.	-11.26704277917494	-11.232429443771778	-11.199892878941773	-11.16940661888205	-11.140934977484283	-11.114434307843322	-11.089854235724891	-11.06713899205634	-11.046228627171729	-11.027060176519806	-11.009568683793479	-10.993688080758474	-10.979351977057481	-10.966494267750798	-10.955049623434792	-10.944953886780208	-10.936144353931732	-10.928559974153563	-10.92214149412305	-10.916831524015755	-10.912574556181097	-10.909316948450634	-10.907006879788707	-10.905594264675484	-10.905030677029082	-10.905269240404092	-10.906264538932101	-10.907972514819	-10.910350384736589	-10.913356559154508	-10.916950581387916	-10.921093070723085	-10.925745686456748	-10.93087109548321	-10.936432958416914	-10.942395916084624	-10.948725592606731	-10.955388595118592	-10.962352529331715	-10.969586007768065	-10.977058671813761	-10.984741205323758	-10.992605360500411	-11.00062397184125	-11.008770982861348	-11.017021459717096	-11.025351614582002	-11.033738816208345	-11.042161609517525	-11.050599720259983	-11.059034070083179	-11.06744677450483	-11.075821153239414	-11.08414172272922	-11.092394201085433	-11.100565497744174	-11.108643716480268	-11.11661814346701	-11.124479250982947	-11.132218687624954	-11.1398292823927	-11.147305036743207	-11.154641127536907	-11.161833894590693	-11.16888083378615	-11.175780570411668	-11.182532831419454	-11.189138394400622	-11.195599041492605	-11.201917434190806	-11.208097113690213	-11.21414234510486	-11.220058046271987	-11.225849687777574	-11.231523238462746	-11.237085066243523	-11.242541934060833	-11.247900936984312	-11.253169497263254	-11.258355347124683	-11.263466557225764	-11.268511495786266	-11.273498846553986	-11.278437563802141	-11.283336834328786	-11.288205987526487	-11.293054384896477	-11.297891345082158	-11.302725909052265	-11.307566723719736	-11.312421882422358	-11.317298705529158	-11.322203647099018	-11.32714208136556	-11.332118278380692	-11.337135271030137	-11.342194831364328	-11.347297483878279	-11.35244250930088	-11.357628003059629	-11.362850994780803
-13.899999999999999	-11.14989171827318	-11.119405129778922	-11.090933063787336	-11.064431845460758	-11.039851065021264	-11.017134908598686	-10.996223370496818	-10.977053417510783	-10.95955999681543	-10.943676964126103	-10.929337801472352	-10.916476252189883	-10.905026838951683	-10.894925233296922	-10.88610854366112	-10.878515542478432	-10.872086789963795	-10.866764717206495	-10.862493673552905	-10.85921990824067	-10.856891520521668	-10.855458412034729	-10.854872190013976	-10.855086069486733	-10.856054781963392	-10.857734465878275	-10.860082577377204	-10.86305780203247	-10.866619982995747	-10.87073005483236	-10.875349999033245	-10.880442802822104	-10.885972438687181	-10.891903844200803	-10.89820292050737	-10.904836528307152	-10.911772500736314	-10.918979649584802	-10.926427786850926	-10.934087737640814	-10.94193136623796	-10.949931590873033	-10.958062411505422	-10.966298924401695	-10.974617347268268	-10.982995031340174	-10.991410482320607	-10.999843366629175	-11.008274528184252	-11.01668598692213	-11.025060950334266	-11.033383806230711	-11.041640127316313	-11.049816659994548	-11.057901325764526	-11.065883207104418	-11.07375254840197	-11.081500743341916	-11.08912033620418	-11.096605012159142	-11.103949600050367	-11.111150062005093	-11.118203491463674	-11.125108094484872	-11.131863172785504	-11.138469085486824	-11.144927206171628	-11.151239860883505	-11.157410257051428	-11.163442359068652	-11.169340901309416	-11.175111171235763	-11.180759000100137	-11.186290663534171	-11.191712823440874	-11.197032457650199	-11.202256891506138	-11.207393716496778	-11.212450803408567	-11.217436380046683	-11.222358887707204	-11.227227089658953	-11.232050012070797	-11.236836869608082	-11.241596998078396	-11.246339828149088	-11.251074608665219	-11.25581037730571	-11.260555747837204	-11.265318750441555	-11.270106670114053	-11.274925851250877	-11.27978161710772	-11.284678141750456	-11.289618327029821	-11.294603915717223	-11.299635260182983	-11.304711530903795	-11.309830725168752	-11.31498976598829	-11.320184560495953
-13.8	-11.040931646577375	-11.014430014300853	-10.98984869642342	-10.967131843230591	-10.946219385006732	-10.927048287424801	-10.909553371579587	-10.89366842140302	-10.879326814053933	-10.866462204483941	-10.855008923176248	-10.844902523682356	-10.836079917714063	-10.828479699273458	-10.8220422373285	-10.816709795413098	-10.812426529835566	-10.809138556093972	-10.806793859995757	-10.805342286660343	-10.804735411936894	-10.804926502332291	-10.805870381141347	-10.807523341627315	-10.80984303709271	-10.81278839998971	-10.816319547994208	-10.820397716578182	-10.824985205133341	-10.830045323338492	-10.835542364627699	-10.841441578847656	-10.847709163280589	-10.854312256046626	-10.861218943372652	-10.868398264084783	-10.875820229130815	-10.8834558334835	-10.891277081689916	-10.899257002904651	-10.90736967957133	-10.91559026250482	-10.923894997764048	-10.932261239850412	-10.940667474599062	-10.949093326390491	-10.957519577435773	-10.965928166834889	-10.97430220371873	-10.98262596069848	-10.990884878886238	-10.999065556221304	-11.007155748251318	-11.015144352116986	-11.023021405565515	-11.030778071278613	-11.038406635535745	-11.045900495571173	-11.053254160704347	-11.060463241783058	-11.0675244514277	-11.074435590271936	-11.081195538120694	-11.087804226678562	-11.094262609599102	-11.100572613124152	-11.106737072113406	-11.112759662103418	-11.118644814943092	-11.124397613671356	-11.130023725592233	-11.13552928342929	-11.140920854163378	-11.1462053365252	-11.151389941279763	-11.156482144366764	-11.161489716294257	-11.166420650424667	-11.171283245370123	-11.176086053958148	-11.180837898138023	-11.185547830737848	-11.190225093088571	-11.19487906461606	-11.199519140915816	-11.204154511940603	-11.208794248406313	-11.21344689120787	-11.218120432495517	-11.22282204679049	-11.227558055863438	-11.232333649882742	-11.237152912473814	-11.242018737889268	-11.246932630658316	-11.2518948948722	-11.256904589430732	-11.261959609511454	-11.267056730820157	-11.272191791485799	-11.277359736643918
-13.7	-10.939846938463996	-10.917129557428224	-10.896216438300412	-10.877044432095865	-10.859548362466539	-10.843661924374555	-10.829318408494373	-10.816451332089143	-10.804994979617442	-10.794884692740332	-10.786057248496135	-10.778451061380007	-10.772006314964962	-10.766665065971972	-10.762371321165332	-10.759070998699869	-10.756711948019904	-10.755243903500821	-10.754618390462538	-10.754788649739218	-10.755709561918321	-10.757337512904217	-10.759630318166225	-10.762547111701775	-10.766048258357351	-10.770095273105376	-10.774650759022222	-10.77967834501289	-10.785142648372727	-10.791009239624541	-10.797244629366725	-10.803816253684193	-10.810692475202222	-10.817842586756345	-10.825236826157903	-10.832846387099845	-10.840643443311004	-10.848601163391255	-10.856693739822171	-10.864896404242382	-10.873185455754701	-10.881538274827067	-10.889933348491128	-10.898350278310978	-10.906769802151956	-10.915173794206412	-10.923545279920495	-10.93186843020259	-10.940128568046655	-10.948312156514202	-10.956406799665649	-10.964401225485492	-10.972285283468752	-10.980049926214978	-10.987687206150385	-10.995190259212901	-11.002553303556132	-11.00977162729452	-11.01684158855506	-11.023760603957284	-11.030527144982358	-11.037140718793298	-11.043601849539675	-11.049912042006339	-11.056073731747516	-11.062090229854123	-11.0679656494633	-11.073704806638542	-11.079313150563154	-11.08479666170572	-11.090161768056005	-11.095415273900462	-11.100564300721686	-11.105616236866773	-11.110578723395369	-11.115459641379386	-11.12026711053028	-11.125009497048335	-11.129695420602156	-11.134333742408424	-11.138933531013336	-11.143504092812606	-11.148054720599408	-11.152594822459523	-11.157133619602947	-11.161680074597623	-11.166242696809912	-11.170829406514533	-11.175447315478007	-11.180102656436112	-11.184800554915517	-11.189545017779404	-11.194338743519944	-11.199183213744769	-11.204078597720939	-11.209023864905078	-11.214016751175063	-11.21905396836625	-11.22413121386301	-11.229243331973954	-11.234384460093892
-13.6	-10.846214218934515	-10.827041541420215	-10.809544587760799	-10.79365700071261	-10.77931199718541	-10.766443018692783	-10.75498420804583	-10.74487081355903	-10.736039456429497	-10.728428386560008	-10.72197761041033	-10.716629000252732	-10.712326356385	-10.709015425510954	-10.706643887880476	-10.705161327458095	-10.704519167407438	-10.704670596196312	-10.705570480528898	-10.707175261412825	-10.709442858888915	-10.712332566015201	-10.715804957797731	-10.71982180023634	-10.724345978384225	-10.72934134811707	-10.734773053678627	-10.74060684616532	-10.74680954788767	-10.753348938162997	-10.760193678732623	-10.767313303212791	-10.774678391472758	-10.782260323340804	-10.790031437932766	-10.797965007144178	-10.806035629956936	-10.814218365867513	-10.822489708893116	-10.830827073771728	-10.83920899140989	-10.847614999994905	-10.856025911071457	-10.864423489622071	-10.87279068392236	-10.881111597220034	-10.889371447966695	-10.897556577961318	-10.90565444736588	-10.913653639065311	-10.921543819704176	-10.929315755415526	-10.936961284995249	-10.944473306879134	-10.951845774727243	-10.959073682464227	-10.966153061570878	-10.973080971673363	-10.979855496942962	-10.986475733277553	-10.992941777677594	-10.999254703466624	-11.005416523311927	-11.011430148398798	-11.017299326886247	-11.023028558921032	-11.028623027021178	-11.03408850114449	-11.039431246601634	-11.044657946170892	-11.049775624044301	-11.054791585111051	-11.059713379574227	-11.064548780035453	-11.06930577334537	-11.07399256149208	-11.07861757523311	-11.08318947853711	-11.087717139031202	-11.092209693765122	-11.096676378539655	-11.1011265392086	-11.10556950826428	-11.110014489993949	-11.114470381355408	-11.118945649649294	-11.123448137601383	-11.127984906394573	-11.132562073230375	-11.137184711357708	-11.141856681589658	-11.146580618622504	-11.151357876203546	-11.156188541715075	-11.161071430868272	-11.166004219359744	-11.170983474265713	-11.17600478939829	-11.18106291971941	-11.186151887661522	-11.191265110488876
-13.5	-10.759541769982686	-10.743653304511023	-10.729307155948728	-10.716436691598906	-10.704975962604342	-10.694860106152499	-10.68602562470274	-10.678410607744205	-10.671954900313544	-10.66660019478821	-10.66229009898517	-10.658970164458873	-10.656587889464397	-10.655092684158426	-10.654435835674407	-10.65457042762172	-10.655451271721345	-10.65703480794602	-10.659279010405657	-10.662143283164825	-10.665588366423753	-10.669576239601748	-10.674070041458872	-10.679033993127046	-10.684433341980666	-10.690234308389003	-10.696404054452852	-10.702910557880534	-10.709723092809941	-10.716811221744578	-10.724145830072498	-10.731698588105601	-10.739442095597452	-10.747349842760983	-10.755396473797195	-10.76355731379995	-10.771808909054286	-10.780128715943444	-10.788495439375934	-10.796888540281099	-10.805288826534614	-10.81367802033492	-10.822039113594744	-10.830356031590394	-10.838613970598942	-10.846799150629716	-10.8548988901225	-10.862901624571316	-10.870796877355634	-10.878575247265312	-10.886228365927334	-10.893748915391646	-10.901130611457903	-10.90836818015776	-10.915457355837782	-10.922394868057454	-10.929178440357038	-10.935806778388091	-10.942279565292639	-10.948597447977399	-10.954762000200212	-10.96077571131148	-10.966641920851025	-10.97236477938302	-10.977949144376273	-10.983400527678663	-10.98872498116792	-10.993929030275142	-10.99901957693061	-11.004003839156535	-11.008889282084748	-11.013683592336045	-11.018394644714348	-11.023030528958698	-11.027599493921182	-11.032110025265228	-11.036570789833062	-11.04099073455453	-11.045378930502826	-11.04974462919155	-11.054097145146255	-11.058445786688964	-11.062799692762148	-11.067167722691298	-11.071558277140896	-11.075979129069257	-11.080437258965468	-11.084938713616785	-11.089488445321908	-11.094090233054498	-11.098746607385369	-11.103458830789556	-11.10822685318085	-11.113049411132703	-11.117924054694052	-11.122847245890544	-11.127814479670175	-11.132820399160098	-11.137858924566826	-11.142923404572217	-11.148006705275812
-13.399999999999999	-10.679303527647466	-10.66643192063464	-10.654969705255386	-10.644851924349073	-10.636014964046387	-10.628396801465232	-10.621937109548359	-10.616577417792959	-10.612261154306644	-10.60893367646778	-10.606542280448224	-10.605036198574382	-10.604366540187952	-10.604486256181723	-10.60535005547194	-10.60691432696037	-10.609137046246968	-10.61197767714326	-10.61539707582522	-10.619356804572133	-10.623822012530134	-10.628755318918728	-10.634122949428482	-10.639891403263114	-10.646028168974668	-10.652501377490113	-10.659281184561362	-10.666336877775759	-10.673639881298854	-10.681161845473591	-10.688876470017432	-10.696756581095915	-10.7047774592178	-10.712914306266974	-10.721144239246549	-10.729444369421289	-10.737793728395845	-10.746171908253189	-10.754559506337943	-10.762938336431084	-10.771291298206428	-10.779602431729408	-10.787856713376733	-10.796040280394346	-10.804140377612248	-10.812145308028596	-10.820044444776743	-10.82782821054069	-10.835488071114112	-10.8430165101136	-10.850407022840345	-10.857654087842274	-10.8647531714051	-10.871700702590818	-10.87849407135967	-10.885131619314972	-10.891612636954902	-10.897937354021169	-10.904106912602742	-10.910123365362736	-10.915989637018791	-10.92170944882528	-10.927287323367585	-10.932728445619773	-10.93803860711787	-10.943224126718919	-10.94829175583801	-10.953248571858751	-10.958101996234394	-10.96285960282961	-10.967529192722845	-10.97211874257739	-10.976636388206634	-10.981090436475222	-10.985489417276357	-10.989842008060252	-10.994157121113261	-10.998443861123118	-11.002711434127605	-11.006969134599078	-11.011226225842568	-11.015491778516555	-11.019774607372504	-11.024083052318389	-11.028424805474849	-11.032806766271511	-11.03723489723807	-11.041714047247163	-11.046247904889281	-11.050838912946137	-11.055488196743255	-11.060195630019688	-11.064959831411118	-11.0697782406659	-11.074647219799136	-11.079562161637856	-11.084517606226969	-11.089507383012874	-11.094524747407508	-11.099562489048996	-11.104613071127305
-13.3	-10.604964993664602	-10.594845722368484	-10.586006830294599	-10.578386171250372	-10.57192329741149	-10.566559603382325	-10.562238284229903	-10.558904557825556	-10.556505519644439	-10.554990191964324	-10.554309506179441	-10.554416244116377	-10.555264957227273	-10.55681196440997	-10.559015116793883	-10.561834064808663	-10.565229555742262	-10.56916391120593	-10.573600663294613	-10.57850451831035	-10.58384124885045	-10.589577751168246	-10.595681771526742	-10.602122056867676	-10.608868251909136	-10.615890873661936	-10.623161316738168	-10.630651854035081	-10.638335608270372	-10.64618661268929	-10.654179791016105	-10.662290991097686	-10.670497004875076	-10.678775584973383	-10.687105472217555	-10.695466412039327	-10.703839174808984	-10.7122055697285	-10.720548462320751	-10.728851776589641	-10.737100508037024	-10.745280718028894	-10.753379537894359	-10.761385155044431	-10.769286811187	-10.77707478089998	-10.784740364255795	-10.79227586279399	-10.79967456836019	-10.806930740182766	-10.814039594645404	-10.820997286189337	-10.82780090173853	-10.834448447298064	-10.840938845302686	-10.847271930165164	-10.853448423734118	-10.859469944922694	-10.865338971863128	-10.871058829110533	-10.876633599544874	-10.882068125877595	-10.887367881245503	-10.892538924703313	-10.897587799956828	-10.902521441249606	-10.907347152584316	-10.912072417655805	-10.91670497003083	-10.921252695448299	-10.925723636758006	-10.930125973734212	-10.934468075667478	-10.938758438675846	-10.94300577221149	-10.947219000209696	-10.951407169545485	-10.955579470385755	-10.959745162641356	-10.963913421438598	-10.968093310520116	-10.972293573679567	-10.976522465256906	-10.980787604607187	-10.985095823471315	-10.989452963988589	-10.993863804527086	-10.998331945952593	-11.002859698473022	-11.00744811253784	-11.012096949470523	-11.016804717028345	-11.021568755159265	-11.026385325686629	-11.031249716520112	-11.03615638080654	-11.041099056256279	-11.04607090576517	-11.051064650030257	-11.056072677312807	-11.061087174479937
-13.2	-10.536000677123308	-10.528378075109238	-10.521912696243517	-10.51654577152061	-10.512220396343535	-10.508881567925927	-10.506476198548556	-10.504953120029914	-10.504263058578932	-10.504358551167304	-10.505194157821725	-10.506725868665209	-10.50891157586592	-10.511710571354643	-10.515084170676626	-10.51899430231543	-10.523404822643492	-10.52828053752631	-10.533587504191418	-10.539292717468497	-10.545364576996423	-10.551771837186388	-10.558484595329112	-10.56547367706934	-10.572710839826405	-10.580168605211735	-10.587820548583709	-10.595640850855787	-10.603604783979298	-10.611688367383731	-10.619868601935279	-10.628123432739685	-10.636431732510385	-10.644773345647835	-10.653129116142235	-10.661480891298613	-10.669811522981377	-10.67810499810998	-10.686346208925492	-10.694521174771783	-10.702616944932265	-10.710621608758633	-10.718524261907728	-10.726315101688522	-10.733985223739852	-10.741526750359514	-10.748932866311382	-10.756197547414526	-10.763315797761035	-10.770283552713465	-10.777097587484306	-10.78375561127732	-10.790256228733616	-10.796598875304461	-10.802783880243707	-10.808812449493749	-10.814686622558947	-10.820409272440976	-10.825984071746367	-10.831415456066077	-10.836708524141805	-10.841869032957003	-10.846903266108322	-10.851817958428258	-10.856620254927273	-10.861317542293168	-10.86591745935315	-10.870427832773228	-10.874856618173114	-10.87921190137021	-10.883501921753146	-10.887735031592648	-10.89191973275738	-10.896064783184954	-10.900179020701026	-10.904271482992714	-10.90835132828491	-10.912427773376939	-10.916509923708766	-10.920606786140896	-10.924727078587999	-10.928878923019724	-10.933069888691868	-10.93730672572037	-10.94159517262325	-10.945939921554233	-10.950344493740271	-10.95481107739673	-10.959340628574529	-10.963932804755686	-10.968586015339797	-10.973297494983548	-10.97806341591926	-10.982878955800034	-10.987738492477286	-10.992635667549807	-10.997563568439421	-11.00251484059417	-11.007481811009765	-11.01245661672489	-11.017431302377972
-13.1	-10.47190461435402	-10.466535158703117	-10.462206539271419	-10.458863592991523	-10.456453053409817	-10.45492355790748	-10.454225631407514	-10.454311659946747	-10.4551358564676	-10.456654203070736	-10.458824395342935	-10.461605762441794	-10.46495919178479	-10.468847033744925	-10.473233017918563	-10.478082155408812	-10.483360658804346	-10.489035855764577	-10.495076124143498	-10.501450824804795	-10.50813025882693	-10.515085622998344	-10.522288988844075	-10.529713279828574	-10.537332269822436	-10.545120577105878	-10.553053676997974	-10.56110790860413	-10.569260495928349	-10.577489561092241	-10.585774149685122	-10.594094245453396	-10.602430795428253	-10.610765721644213	-10.619081943477548	-10.627363383129854	-10.635594981745925	-10.643762698099305	-10.651853516316095	-10.659855436344664	-10.667757474752056	-10.675549646529479	-10.683222958882068	-10.690769388097081	-10.69818186656408	-10.705454258595873	-10.7125813453991	-10.719558800974236	-10.72638318086309	-10.733051902828254	-10.739563239803413	-10.745916313891389	-10.752111074574675	-10.758148316385572	-10.764029656151248	-10.769757535131681	-10.775335181419981	-10.78076659286879	-10.78605648197958	-10.791210231016613	-10.796233814541214	-10.801133722113342	-10.805916870543793	-10.81059052609777	-10.81516221770333	-10.8196396866072	-10.824030821262083	-10.828343638498554	-10.832586265104279	-10.836766946022092	-10.84089402930558	-10.844976076171712	-10.849021746407251	-10.85303988652693	-10.857039491898494	-10.861029693813336	-10.865019588801143	-10.869018309286194	-10.873034782522753	-10.877077592495425	-10.881154853252946	-10.885274047998	-10.889441794614736	-10.893663793845052	-10.897944633019577	-10.902287714777179	-10.906695152039289	-10.911167792171318	-10.915705199456147	-10.920305679388404	-10.924966373213774	-10.929683347594256	-10.934451704924868	-10.939265715485757	-10.94411896032507	-10.949004444402197	-10.953914747854721	-10.958842141839717	-10.963778715249616	-10.968716465734069	-10.973647421022779
-13.	-10.412195909415145	-10.408849681245574	-10.406434972635989	-10.404900234994404	-10.404195798119117	-10.404273843126301	-10.4050883772624	-10.40659519038851	-10.408751807941567	-10.411517422511142	-10.414852651418652	-10.418720338172417	-10.42308369645348	-10.427907991888512	-10.433159572438916	-10.438805955418667	-10.444815663534127	-10.451158615605314	-10.457805142712749	-10.464726870432866	-10.47189620178311	-10.479286420592976	-10.486871602073018	-10.494626807758797	-10.502527682817817	-10.510550991345722	-10.518674119013562	-10.526875442241524	-10.535134249027092	-10.543430662866347	-10.551745764954129	-10.560061587128494	-10.568361115470703	-10.57662829673376	-10.58484809766909	-10.593006447418711	-10.60109028764207	-10.609087549306944	-10.61698715874798	-10.624779021245837	-10.632454017110646	-10.640003976900909	-10.647421673561478	-10.654700794452586	-10.66183592718286	-10.668822533411563	-10.675656935431345	-10.682336293589994	-10.688858596918546	-10.69522265353732	-10.70142806744511	-10.707475257494323	-10.71336543541276	-10.71910061494584	-10.724683583235947	-10.73011789533306	-10.735407833541455	-10.740558377482515	-10.745575138523462	-10.750464288024476	-10.755232514815475	-10.759886861079064	-10.764434720801601	-10.768883732168302	-10.773241707210694	-10.777516591308434	-10.781716455302922	-10.785849434491805	-10.789923756380746	-10.793947842746384	-10.797930160016712	-10.801879364432768	-10.805804272532868	-10.809713852230331	-10.81361711085749	-10.81752317896822	-10.821441101608745	-10.825379707150251	-10.82934753245491	-10.8333526316792	-10.837402356998213	-10.841503288746113	-10.845661033123479	-10.849880067232482	-10.854163696214389	-10.858513959686547	-10.862931597607279	-10.867416073435518	-10.871965602406199	-10.876577228142077	-10.8812469259964	-10.885969707956377	-10.890739774760922	-10.895550630397064	-10.900395199776876	-10.905266016059091	-10.910155299124963	-10.915055081843258	-10.919957347842852	-10.924854102335399	-10.929737464137965
-12.899999999999999	-10.35642095387779	-10.354882027356204	-10.35417227379053	-10.354243709051138	-10.355050134309424	-10.356547136675061	-10.358692003201497	-10.361443851231623	-10.364763255825252	-10.36861242119381	-10.372955180694042	-10.37775652129444	-10.382982893981188	-10.388602004962944	-10.394582613050044	-10.400894617266648	-10.407508944762133	-10.414397395432934	-10.421532731872514	-10.428888589093736	-10.436439433200999	-10.444160550783566	-10.452028071899104	-10.460018952139553	-10.468110960908001	-10.476282724724825	-10.484513724903007	-10.492784315619215	-10.501075746883112	-10.509370176225035	-10.517650690618963	-10.525901317764468	-10.534107040714177	-10.542253803421664	-10.550328520955375	-10.558319075718268	-10.56621432072714	-10.574004067210808	-10.581679080483028	-10.589231060981957	-10.596652631977094	-10.603937316679657	-10.611079522050966	-10.618074512446794	-10.624918394025997	-10.631608090484379	-10.638141330236845	-10.644516633889742	-10.650733288557051	-10.656791364933573	-10.662691695386581	-10.6684358860536	-10.674026294157313	-10.679466031512487	-10.684758936204476	-10.6899095567406	-10.694923101132611	-10.699805378849488	-10.704562768838944	-10.709202060989613	-10.71373045516274	-10.718155447920383	-10.722484751212008	-10.72672623736767	-10.730887913521595	-10.734977845196418	-10.739004169594438	-10.742975188570021	-10.746899217301856	-10.750784733685554	-10.754640362442911	-10.758474885883304	-10.762297158280148	-10.766116220833641	-10.769941109759486	-10.773780782502172	-10.777644026699521	-10.781539312904691	-10.785474571471717	-10.789457121647436	-10.793493449211855	-10.797589050473933	-10.80174833421185	-10.805974503222076	-10.810269513608054	-10.814634003793001	-10.819067340191218	-10.823567648663353	-10.828131878930328	-10.832755924184355	-10.837434724503913	-10.842162393147301	-10.846932358338451	-10.851737504176857	-10.856570295655466	-10.86142290815333	-10.866287353664521	-10.871155586222894	-10.876019596486309	-10.880871509284457	-10.885703678680668
-12.8	-10.304153919114848	-10.304219959042209	-10.305019671499693	-10.306508426807516	-10.308643346772392	-10.311383255455727	-10.314688639668299	-10.318521583244038	-10.322845706286893	-10.32762608240099	-10.332829165838726	-10.338422699695707	-10.344375640783314	-10.350658072915259	-10.357241140836324	-10.364096978363333	-10.371198660065136	-10.378520149838742	-10.386036272723507	-10.39372268447891	-10.401555862726077	-10.409513094354818	-10.41757248141951	-10.425712942166237	-10.433914226882287	-10.442156926326978	-10.450422493476873	-10.458693254041012	-10.466952428517253	-10.47518414168396	-10.483373441560046	-10.491506303981577	-10.499569645238196	-10.50755132074949	-10.515440130098533	-10.523225807471757	-10.530899019255358	-10.538451347671744	-10.5458752797759	-10.553164186015989	-10.560312304686438	-10.567314715858823	-10.57416732422651	-10.580866834070989	-10.587410733425	-10.59379727899235	-10.600025467211529	-10.606095048788012	-10.612006504718462	-10.617761059036145	-10.623360658658703	-10.628807982995873	-10.634106424804408	-10.63926008696483	-10.644273744854036	-10.649152814797988	-10.653903285717039	-10.658531666069754	-10.66304489626496	-10.667450281369323	-10.671755393797248	-10.675968015257823	-10.68009606606116	-10.684147565650338	-10.688130584493498	-10.692053322876761	-10.695923991627664	-10.699750916060152	-10.703542537335101	-10.707307454143754	-10.711054333559005	-10.714792061669444	-10.718529594835406	-10.722275877055289	-10.726039824597171	-10.72983016753774	-10.733655253184526	-10.737522983506501	-10.741440587964087	-10.745414443404282	-10.749449981049517	-10.753551516517152	-10.7577221675682	-10.76196378685406	-10.766276931028866	-10.770660867814556	-10.775113646427597	-10.779632123651146	-10.784212112634025	-10.788848473294037	-10.793535256171221	-10.798265821317434	-10.803033009021206	-10.807829225027684	-10.812646617934645	-10.817477172169568	-10.822312830805842	-10.827145572960628	-10.831967553307312	-10.836771115997632	-10.841548923256504
-12.7	-10.254995672366853	-10.25647760696895	-10.258604148767427	-10.261333909896601	-10.264627178068737	-10.26844586354494	-10.272753450733742	-10.277514925625862	-10.282696709622376	-10.288266574295942	-10.294193566793068	-10.30044792172852	-10.307000990685706	-10.313825163562234	-10.32089381181549	-10.328181227476547	-10.335662585509768	-10.343313903305775	-10.351112022747378	-10.35903458901877	-10.367060049332945	-10.375167646927862	-10.38333743214016	-10.391550266361614	-10.399787840783633	-10.408032684692486	-10.416268186632784	-10.424478603283658	-10.432649079146877	-10.440765651931672	-10.448815266632952	-10.456785776756606	-10.464665950638954	-10.472445465113339	-10.480114904919828	-10.487665749122666	-10.495090361912348	-10.502381973160498	-10.509534664037638	-10.516543342015629	-10.523403723147661	-10.530112306757303	-10.536666357652875	-10.543063888766067	-10.549303629257295	-10.555385036136508	-10.561308267088826	-10.567074191928084	-10.572684372555452	-10.578141075529091	-10.583447258861973	-10.58860658039535	-10.593623361495773	-10.598502592294322	-10.603249855391683	-10.6078712981246	-10.612373553459964	-10.61676367887969	-10.621049053239565	-10.625237326642079	-10.629336322856282	-10.63335399458145	-10.637298353745038	-10.641177536849279	-10.644999666848227	-10.6487729555356	-10.652505693507457	-10.656206304709512	-10.65988326667438	-10.663545266227526	-10.66720115412122	-10.670859741483488	-10.674529960799406	-10.678220663769094	-10.681940462052882	-10.68569767040216	-10.68950012751146	-10.69335493233501	-10.697268413146883	-10.701245903308774	-10.705291644185527	-10.709408653451284	-10.713598705238914	-10.71786225288894	-10.722198502471521	-10.726605384571435	-10.731079711465169	-10.735617201368092	-10.740212646295507	-10.744860032759737	-10.749552673689362	-10.754283345357738	-10.759044440676028	-10.763828062579515	-10.768626185782134	-10.77343073824187	-10.778233729404167	-10.783027299021938	-10.78780383620643	-10.792556020566904	-10.79727690825839
-12.6	-10.2085729432521	-10.211294183414541	-10.214577128336236	-10.218383486844875	-10.22267656892539	-10.227421224525274	-10.232583788606219	-10.238132002721542	-10.244034946036196	-10.250262948121494	-10.256787517003888	-10.263581255490418	-10.270617797800671	-10.27787173948743	-10.285318590841337	-10.292934725871293	-10.300697354767808	-10.308584493138552	-10.316574952277781	-10.32464832553194	-10.332784992496821	-10.340966118019175	-10.349173666408783	-10.357390406739398	-10.365599931745855	-10.37378666601452	-10.381935884734059	-10.390033720165828	-10.398067176485727	-10.406024133165445	-10.4138933522417	-10.421664476019508	-10.429328027052545	-10.436875398413829	-10.444298846543475	-10.4515914739778	-10.458747216512567	-10.465760820669047	-10.472627825274834	-10.479344537167893	-10.485908012215306	-10.492316036684835	-10.49856709274816	-10.50466036654182	-10.510595718823293	-10.516373693132229	-10.521995494219214	-10.527463000986058	-10.532778756246797	-10.537945978795905	-10.542968548151128	-10.54785099348904	-10.552598472628784	-10.557216726212145	-10.561712026987959	-10.566091124405773	-10.570361154830925	-10.574529573825307	-10.578604075948117	-10.582592516256952	-10.586502861827434	-10.590343171286095	-10.594121515374429	-10.597846025489437	-10.601524880796504	-10.60516631273726	-10.608778688483916	-10.612370499479285	-10.615950343705169	-10.619526963001638	-10.623109180588123	-10.626705819951892	-10.630325654286208	-10.633977266166687	-10.637668864080675	-10.641408197319228	-10.645202320645216	-10.649057454763515	-10.652978875614355	-10.656970714672251	-10.66103591382322	-10.66517616084399	-10.669391834624921	-10.673682037396784	-10.678044647801789	-10.682476385084822	-10.686972899570087	-10.691528931023605	-10.696138397529147	-10.700794565660074	-10.705490176118078	-10.710217595999165	-10.71496890317625	-10.719736065660674	-10.724511025692877	-10.729285785694987	-10.734052518184694	-10.738803639678327	-10.743531856489652	-10.748230265066868	-10.75289237916051
-12.5	-10.164536840765509	-10.168332693371712	-10.172613229641376	-10.177343123559611	-10.182488574246115	-10.188017237659652	-10.193898165762965	-10.200101723652425	-10.206599519307076	-10.213364317544146	-10.220369971927635	-10.227591347632236	-10.235004265745273	-10.242585442711826	-10.250312452599864	-10.258163686317001	-10.266118331964336	-10.274156353037963	-10.282258484269967	-10.290406224308358	-10.298581844130668	-10.306768388789777	-10.3149496920662	-10.323110383554633	-10.33123590573568	-10.339312520411337	-10.347327324079744	-10.355268253171126	-10.363124091678342	-10.370884472450344	-10.378539878873443	-10.386081637356066	-10.39350191405241	-10.400793698999777	-10.407950795731082	-10.414967801405842	-10.421840088954477	-10.428563784034107	-10.435135746014604	-10.441553548544713	-10.44781544319414	-10.453920365745025	-10.45986790303878	-10.465658298523799	-10.471292427687038	-10.47677180947642	-10.48209859622504	-10.4872755882535	-10.492306226385667	-10.49719459092864	-10.501945385732036	-10.506563918636243	-10.511056057914427	-10.515428192513612	-10.51968715347779	-10.523840152441757	-10.527894697512249	-10.531858498481146	-10.535739474336927	-10.5395455827757	-10.543284854224481	-10.546965375190824	-10.550595200301661	-10.554182482805862	-10.557735452394361	-10.561262405818749	-10.564771753081816	-10.568272082852422	-10.571772026138508	-10.575280347330345	-10.578805826708498	-10.582357160890355	-10.585942834387527	-10.589571026495738	-10.593249369023557	-10.596984849487924	-10.600783634146284	-10.604650884547054	-10.608590664079513	-10.612605843122255	-10.61669801077489	-10.620867449845061	-10.625113258619994	-10.62943316612988	-10.633823847454554	-10.638280898674179	-10.642798996124878	-10.647371987606364	-10.651993150548208	-10.656655153261557	-10.661350346341859	-10.666070816301188	-10.6708085255954	-10.675555405305763	-10.680303507887494	-10.685045005698367	-10.689772357143521	-10.69447830266744	-10.699155979472327	-10.703798909453772	-10.708401084188795
-12.399999999999999	-10.122561654165237	-10.127278775586538	-10.132409199116587	-10.137920444587753	-10.143781479649364	-10.149962644626557	-10.156435587027437	-10.163173176330108	-10.170149434168126	-10.177339451642002	-10.18471932661073	-10.192266093791918	-10.199957677358482	-10.20777283957151	-10.215691150905698	-10.223692958619166	-10.231759373537637	-10.239872254862203	-10.248014211697404	-10.256168599682386	-10.264319530540352	-10.272451876845347	-10.280551286203515	-10.28860418722012	-10.296597804843758	-10.30452016560381	-10.312360107221252	-10.320107281433005	-10.327752158030105	-10.335286019512214	-10.342700961606424	-10.349989878909547	-10.357146457740832	-10.364165158447918	-10.371041199848896	-10.377770537320455	-10.384349844886806	-10.390776495656224	-10.397048524806166	-10.403164633991638	-10.409124156204825	-10.414927057851123	-10.42057391121124	-10.426065903114365	-10.431404823131656	-10.436593078498788	-10.441633689760602	-10.446530295557034	-10.451287147516945	-10.4559091016744	-10.460401590767747	-10.46477059903272	-10.469022598532371	-10.47316449575859	-10.477203555797388	-10.481147305416249	-10.485003534256553	-10.488780114590538	-10.492485018060602	-10.496126280302933	-10.499711898623264	-10.503249946684472	-10.506748543092147	-10.510215838965518	-10.51366007845407	-10.51708965139623	-10.520513018525486	-10.523938793177892	-10.527375670696058	-10.53083235459481	-10.53431746159509	-10.537839432305757	-10.541406331854692	-10.545025756178527	-10.54870460202978	-10.552448951358741	-10.556263892997144	-10.560153417182493	-10.564120303540097	-10.568166073101183	-10.572290956304377	-10.576493908693987	-10.58077266364904	-10.585123806777343	-10.58954288298012	-10.594024504311115	-10.598562505203992	-10.603150091483268	-10.60777994634951	-10.612444393823827	-10.61713552086029	-10.621845292561327	-10.626565667606357	-10.631288700416228	-10.636006613157338	-10.640711876301406	-10.645397280657816	-10.650055982264476	-10.654681527045243	-10.659267918995925	-10.663809618662018
-12.3	-10.082343797593134	-10.087839741676152	-10.09368304438241	-10.099843962829382	-10.106294122431306	-10.113006435950716	-10.119955035020185	-10.127115184659019	-10.134463215725464	-10.141976446948274	-10.149633128801181	-10.157412381372442	-10.165294154275012	-10.173259184656187	-10.181288974063545	-10.189365764030025	-10.197472529607102	-10.205592969254813	-10.213711508567624	-10.221813300740482	-10.229884237552472	-10.237910952958618	-10.245880838720693	-10.253782047535509	-10.261603505465686	-10.269334914550411	-10.276966760073645	-10.284490306477872	-10.291897601770852	-10.299181464940043	-10.306335482454172	-10.313353992202442	-10.320232071844687	-10.32696551784749	-10.33355082975903	-10.339985190860663	-10.346266431661604	-10.3523930338468	-10.358364092932625	-10.364179317938671	-10.36983900104893	-10.375344022781798	-10.380695837608823	-10.38589648756402	-10.390948596232686	-10.395855383394123	-10.400620653389726	-10.405248809046485	-10.409744830312492	-10.414114265368461	-10.418363180661942	-10.422498125484648	-10.426526059395034	-10.430454268704652	-10.434290363234288	-10.438042086683797	-10.441717327820818	-10.445324066649246	-10.448870251464704	-10.452363902276506	-10.455813059486607	-10.459225763676388	-10.462610123509718	-10.465974338550687	-10.469326701176387	-10.472675641225468	-10.476029706618894	-10.479397516613801	-10.482787700162252	-10.486208818172873	-10.489669219111958	-10.493176927519634	-10.496739437078158	-10.500363587785614	-10.504055376398023	-10.507819825465265	-10.511660836711714	-10.515581129058683	-10.519582144414404	-10.523664041868235	-10.527825720706998	-10.53206484649434	-10.536377948335792	-10.540760512727376	-10.545207118600025	-10.549711579774542	-10.554267064184726	-10.558866246673375	-10.563501445551685	-10.568164750778996	-10.572848140868482	-10.577543602556071	-10.582243209969146	-10.586939212764463	-10.591624115048514	-10.596290737846926	-10.600932238917817	-10.60554219356215	-10.610114601214319	-10.614643914063578	-10.619125039464842
-12.2	-10.04360096106376	-10.049743823243192	-10.05617337234284	-10.062862501579975	-10.06978539002471	-10.07691741777408	-10.084235096109424	-10.091715983685285	-10.099338622919097	-10.107082468043105	-10.114927834800879	-10.122855847476076	-10.130848405234344	-10.138888147306085	-10.146958437614066	-10.15504334609229	-10.163127645517351	-10.17119680668873	-10.179237003973054	-10.187235117114882	-10.195178743884167	-10.203056202067915	-10.210856543039347	-10.218569554103194	-10.226185767910074	-10.233696460727879	-10.241093658245573	-10.248370127050926	-10.255519373542539	-10.262535630345269	-10.269413848365653	-10.276149678046608	-10.282739455034662	-10.289180184001882	-10.29546950182097	-10.301605680889743	-10.30758759329101	-10.313414706993578	-10.319087053421693	-10.32460523011148	-10.329970382332519	-10.335184214158899	-10.340248982598265	-10.345167505271727	-10.349943165551938	-10.354579919610257	-10.35908229119141	-10.363455374432512	-10.36770479954735	-10.37183670949487	-10.375857690689305	-10.379774775657326	-10.383595282957891	-10.387326796727933	-10.390977079964994	-10.39455403268291	-10.398065542520426	-10.401519606384754	-10.404924186857981	-10.40828724420597	-10.411616814940157	-10.414920932088194	-10.418207712896733	-10.421485416150627	-10.424762405668911	-10.428047139491259	-10.431348197129514	-10.434674127246941	-10.438033413816795	-10.441434357519102	-10.444884889009689	-10.44839243917397	-10.451963782858511	-10.455604838011574	-10.459320549845607	-10.463114763516135	-10.46699011134509	-10.47094798210996	-10.474988468159971	-10.479110405633579	-10.483311403291399	-10.487587937479013	-10.491935456662075	-10.496348522034728	-10.500820906693688	-10.505345767624616	-10.509915772431098	-10.514523243701397	-10.519160279678076	-10.523818887657175	-10.528491069193441	-10.533168923849269	-10.537844730685732	-10.542511026555927	-10.547160628079704	-10.551786721294507	-10.55638287639917	-10.560943080849414	-10.565461740259366	-10.569933711921081	-10.5743542869156
-12.1	-10.006071468930223	-10.012739613705904	-10.019638905656436	-10.026744776300683	-10.034033864112871	-10.041483903049489	-10.049073678416814	-10.056782961796008	-10.064592320041486	-10.072483502091556	-10.080438555634188	-10.088440602282741	-10.096473412361128	-10.10452145630303	-10.112569843351345	-10.120604498819565	-10.128611828091422	-10.136579014320946	-10.144493907766611	-10.152345028113194	-10.160121592869817	-10.167813529794522	-10.175411429858949	-10.18290662884131	-10.19029115289648	-10.19755774395737	-10.204699851497502	-10.211711622761644	-10.218587898302355	-10.225324198603916	-10.231916706519968	-10.238362259295481	-10.244658310460556	-10.250802934100497	-10.256794789860068	-10.26263311840928	-10.268317706485595	-10.273848887877564	-10.279227521503552	-10.284454999542765	-10.28953323846844	-10.294464685964709	-10.299252323013466	-10.303899680099978	-10.308410833744418	-10.312790419943617	-10.317043613895567	-10.321176121332206	-10.325194138795318	-10.329104292298725	-10.332913651146253	-10.336629540715645	-10.340259548360027	-10.34381145286346	-10.347293071500333	-10.35071232428708	-10.354077158102456	-10.357395471244953	-10.360675233846644	-10.363924353725912	-10.36715082953733	-10.37036272971257	-10.373568263385854	-10.37677568235907	-10.3799934388708	-10.383229990997213	-10.386493838527386	-10.389793412891928	-10.39313693031459	-10.396532250601373	-10.399986754599421	-10.403507121811108	-10.407099219954574	-10.410767919681021	-10.41451699672246	-10.418349029283178	-10.422265333660793	-10.426265950846618	-10.430349657695988	-10.434514012970967	-10.438755452841045	-10.443069410656829	-10.447450400024985	-10.451892189500409	-10.456387923907585	-10.460930275283008	-10.4655115706727	-10.4701239365365	-10.474759390217448	-10.479409958393301	-10.484067768140578	-10.48872513052276	-10.493374570887548	-10.498008938669733	-10.5026214040212	-10.507205529124194	-10.511755253810726	-10.51626493878365	-10.520729352663151	-10.525143703819186	-10.52950361935683
-12.	-9.969513812739834	-9.976595664631452	-9.983858131879776	-9.991279086078064	-9.99883751084811	-10.006513414990481	-10.014287765085571	-10.022142410647575	-10.03006002974149	-10.038024070810854	-10.04601871643634	-10.054028843638571	-10.062040004402272	-10.070038403699408	-10.078010893259261	-10.085944962578882	-10.093828743197257	-10.101651006261166	-10.109401174113579	-10.117069320317029	-10.124646181626142	-10.132123158995864	-10.139492325558274	-10.146746425438517	-10.153878877188337	-10.160883766332718	-10.16775584424711	-10.174490514674021	-10.181083825707425	-10.187532455784057	-10.193833692183395	-10.199985415142546	-10.205986082406422	-10.211834722071522	-10.217530886521908	-10.223074661217767	-10.228466642111703	-10.233707928347165	-10.238800120382551	-10.243745328957134	-10.248546157155923	-10.25320573160281	-10.257727704581823	-10.262116258134368	-10.26637611039275	-10.270512511046233	-10.274531217301154	-10.278438464880017	-10.282240925048535	-10.285945662207679	-10.289560014618894	-10.293091585395677	-10.29654807316839	-10.299937329297283	-10.303267228475278	-10.306545651572698	-10.30978051268334	-10.312979646607687	-10.316150948473647	-10.319302344693988	-10.322441880971509	-10.325577625199228	-10.328717847180146	-10.331870863431172	-10.335045106078216	-10.338249002579344	-10.341490916967198	-10.34477898101899	-10.348121017987642	-10.351524314428607	-10.354995503360495	-10.3585403726998	-10.362163741364096	-10.365869318510466	-10.369659627499589	-10.373535923334108	-10.377498194231286	-10.38154516357371	-10.385674357165644	-10.389882195007024	-10.39416406103547	-10.398514464682721	-10.402927159611632	-10.407395294141242	-10.411911543248094	-10.416468262893876	-10.42105758201676	-10.425671547166388	-10.430302206975737	-10.434941716698551	-10.439582376053567	-10.444216743072356	-10.448837642778294	-10.453438245015773	-10.458012056967064	-10.4625529714668	-10.467055261900413	-10.471513614448215	-10.475923118462353	-10.480279268360695	-10.484577968324304
-11.899999999999999	-9.933706319759352	-9.941100193280528	-9.948629039001776	-9.956273066017408	-9.964013504149849	-9.971832518866572	-9.979713148452003	-9.987639233336104	-9.995595368527615	-10.003566852241343	-10.011539656900593	-10.019500395131887	-10.027436307377576	-10.035335243757928	-10.04318566290946	-10.050976625878388	-10.058697803365247	-10.066339474715969	-10.073892538854798	-10.08134851597091	-10.088699556109912	-10.09593844053685	-10.103058586977598	-10.11005404603845	-10.11691950227842	-10.12365026451782	-10.13024226115586	-10.136692027899027	-10.142996690136316	-10.149153955542982	-10.155162095005425	-10.161019916127602	-10.166726757900973	-10.172282470148906	-10.177687396858898	-10.182942369832299	-10.1880487003267	-10.19300817233856	-10.197823049445338	-10.202496082511482	-10.207030517717211	-10.211430105251905	-10.21569911316602	-10.219842330432853	-10.223865058036514	-10.227773090156159	-10.231572695672106	-10.235270581011317	-10.238873784921994	-10.24238967642596	-10.245825780397535	-10.249189829992444	-10.252489629124561	-10.255733024263494	-10.25892784750301	-10.262081932207732	-10.26520308691628	-10.268299145031074	-10.27137798600656	-10.274447546797955	-10.2775158813357	-10.280591161531275	-10.283681651609525	-10.286795721902381	-10.289941730643184	-10.293127965078693	-10.296362515284796	-10.29965312659213	-10.303007020112211	-10.306430774193588	-10.30993011213892	-10.31350979719862	-10.317173481848679	-10.32092363154268	-10.324761449834778	-10.328686878494103	-10.332698608166869	-10.33679414125886	-10.340969861304899	-10.3452211254367	-10.34954244731062	-10.35392757797005	-10.358369668919941	-10.362861418392415	-10.367395186673253	-10.371963121470031	-10.376557300024956	-10.381169791513278	-10.38579273766086	-10.3904184695059	-10.395039521807488	-10.399648711637965	-10.404239159384119	-10.408804317640758	-10.413337994200894	-10.417834378810168	-10.422288035206831	-10.426693928742395	-10.431047401293458	-10.435344197546891	-10.439580450194581
-11.8	-9.898446901422302	-9.906060844580376	-9.913768878930501	-9.921553440359002	-9.929397892473304	-9.937286444539817	-9.945204092590938	-9.953136555847387	-9.961070236678705	-9.968992174858812	-9.976890025750853	-9.984752033161126	-9.992567020628139	-10.000324379965544	-10.008014073070216	-10.015626628863009	-10.023153151458892	-10.030585321929397	-10.037915407014067	-10.04513626211216	-10.05224133802365	-10.059224680848738	-10.066080935057778	-10.072805338107383	-10.079393718486463	-10.08584248839384	-10.09214862769025	-10.098309674650112	-10.104323712477973	-10.110189366179224	-10.115905757975332	-10.121472514579727	-10.126889742478596	-10.132158016405445	-10.137278371523285	-10.142252306039756	-10.147081757344523	-10.151769128353648	-10.156317288724372	-10.160729581726248	-10.16500984074334	-10.16916240268406	-10.173192107024187	-10.177104289456228	-10.180904779527557	-10.184599878292898	-10.188196268887545	-10.191701020765327	-10.195121427034048	-10.198465049342177	-10.201739574176292	-10.204952779805156	-10.208112452535898	-10.211226389791257	-10.214302355522364	-10.217348114615591	-10.220371443863977	-10.22338014430121	-10.226382103762601	-10.229385312998087	-10.232397867689885	-10.23542798042938	-10.23848394742883	-10.241574067484347	-10.2447065690908	-10.24788948180881	-10.251130476598947	-10.254436730994529	-10.257814752729068	-10.261270223076465	-10.264807838458532	-10.268431214726606	-10.272142745324548	-10.275943602871354	-10.279833708002904	-10.283811703541794	-10.287875064701408	-10.292020154134846	-10.296242339592853	-10.300536116785743	-10.30489525090172	-10.30931290063024	-10.313781772903726	-10.318294248061349	-10.32284250744016	-10.327418624195467	-10.332014687539823	-10.336622842847378	-10.341235399878462	-10.345844886620501	-10.350444070553364	-10.355026007632414	-10.359584082653397	-10.364112003607087	-10.368603839478208	-10.373054033945339	-10.377457395610495	-10.381809106419555	-10.386104746721113	-10.390340277605432	-10.394512057128194
-11.7	-9.863552827852779	-9.871304451273982	-9.879113902320961	-9.886965724098244	-9.894845290765666	-9.902738731656058	-9.910632879016415	-9.918515210786143	-9.926373816903293	-9.934197362533983	-9.941975070335664	-9.949696701510241	-9.957352551296493	-9.96493344194319	-9.972430740678215	-9.979836303342063	-9.987142578361967	-9.994342529246252	-10.001429675915851	-10.0083980967213	-10.015242433606453	-10.021957864250064	-10.028540150257383	-10.034985596000329	-10.041291056319253	-10.047453906487819	-10.053472086919781	-10.059344003198094	-10.06506859403517	-10.070645265465187	-10.076073902097091	-10.081354832829586	-10.086488842406963	-10.091477142073169	-10.096321378361404	-10.101023630865896	-10.105586416807697	-10.110012700985392	-10.114305907913176	-10.118469937840969	-10.122509176462625	-10.126428496117738	-10.130233267881428	-10.133929352494466	-10.137523028238125	-10.141021008756637	-10.144430289228445	-10.147758199948589	-10.151012258321193	-10.154200121204084	-10.157329530333106	-10.16040821631452	-10.16344391761689	-10.166444356486846	-10.169417241659524	-10.17237027160559	-10.17531120901307	-10.178247868750281	-10.181188170222294	-10.184140148800774	-10.187111971346875	-10.190111848049833	-10.193148033022926	-10.196228691319401	-10.199361786310552	-10.202554935772934	-10.205815267322917	-10.209149236412363	-10.212562462287687	-10.216059609878966	-10.21964421546511	-10.22331867399372	-10.22708410225621	-10.230940380302963	-10.234886137689745	-10.238918843044715	-10.243034832939562	-10.247229487451312	-10.251497294678737	-10.255832027097766	-10.26022686039558	-10.264674526351872	-10.269167413997238	-10.273697722448182	-10.278257526730375	-10.282838922248677	-10.287434031819188	-10.29203515928813	-10.296634775529748	-10.301225593002872	-10.30580058931602	-10.310353050163757	-10.314876565991963	-10.319365080913094	-10.323812886800965	-10.328214627292144	-10.3325653230569	-10.336860381192004	-10.341095583963789	-10.34526711991643	-10.349371578863297
-11.6	-9.82886047003049	-9.836676737401167	-9.844519016415767	-9.852373823789524	-9.860228410899744	-9.868070694715925	-9.87588921121016	-9.883673067808017	-9.891411914990444	-9.899095918397823	-9.906715746607354	-9.914262558187003	-9.921728001920986	-9.929104213826218	-9.93638382436251	-9.943559960568832	-9.950626255852196	-9.9575768533539	-9.9644064243255	-9.971110128680248	-9.977683676395605	-9.98412329374426	-9.990425721318601	-9.996588215071068	-10.00260854014681	-10.008484939698588	-10.014216153406448	-10.019801388749078	-10.025240311111284	-10.030533015161915	-10.035680042024477	-10.040682341197423	-10.045541283292035	-10.050258644214892	-10.054836618761815	-10.059277817322656	-10.06358528188715	-10.067762501873645	-10.071813426431108	-10.0757424720014	-10.079554543635918	-10.08325504417923	-10.086849810369927	-10.090345151206057	-10.0937477062553	-10.097064510692887	-10.100302850492987	-10.103470222922239	-10.106574233173303	-10.109622572450307	-10.11262292938942	-10.115582994839114	-10.118510435925069	-10.121412890718705	-10.124298009693327	-10.127173487338082	-10.13004706267525	-10.132926629348487	-10.135820137450185	-10.138735681535485	-10.14168143294473	-10.144665582584762	-10.147696223386298	-10.150781285594944	-10.153928329122905	-10.157144420509656	-10.160435975542532	-10.163808562869288	-10.167266800767429	-10.170814204718612	-10.174453112277504	-10.178184626213303	-10.182008597654873	-10.185923650589215	-10.18992722891342	-10.194015682264485	-10.198184376705852	-10.202427816145306	-10.206739788970717	-10.211113483630225	-10.215541645021789	-10.2200166779706	-10.224530775348224	-10.229076034651563	-10.23364449690612	-10.2382283052668	-10.242819693354086	-10.247411077758303	-10.251995086616692	-10.256564609233228	-10.261112800253573	-10.265633128775967	-10.270119393244837	-10.274565713729412	-10.278966575480796	-10.283316829110067	-10.287611696187474	-10.291846793340616	-10.296018141020783	-10.30012217046196	-10.304155743075677
-11.5	-9.794224957759878	-9.802041917170671	-9.809857316375847	-9.817659501023435	-9.825437454729384	-9.83318073958772	-9.840879455477054	-9.84852420246612	-9.856106058337481	-9.863616559347996	-9.871047692846416	-9.878391891465627	-9.885642035835884	-9.89279146291441	-9.899833923834027	-9.906763746447258	-9.913575592374785	-9.920264681364754	-9.926826698541348	-9.933257819346329	-9.939554673342705	-9.94571445148292	-9.951734723905835	-9.95761358461008	-9.963349654901595	-9.968941877720763	-9.97438971711182	-9.979693079962516	-9.984852234514635	-9.989867903232792	-9.994741201289203	-9.999473601991722	-10.004067002243053	-10.008523692623381	-10.012846357999615	-10.017038099309577	-10.021102452495752	-10.025043402149818	-10.0288653896422	-10.03257335318591	-10.036172669509044	-10.039669206580605	-10.043069199379158	-10.046379327595892	-10.049606582526586	-10.052758231866276	-10.055841715785371	-10.05886461560275	-10.061834556282168	-10.064759190028077	-10.067646154930584	-10.070503048674544	-10.073337459402822	-10.076156982983596	-10.07896922647801	-10.081781919915837	-10.084602836075739	-10.087439897268432	-10.090301137605447	-10.093194673174821	-10.096128620012133	-10.099111051108403	-10.102149818232046	-10.105252440063925	-10.108425951098027	-10.111676705518562	-10.115010240089013	-10.118431132709201	-10.121942870633704	-10.125547763441913	-10.129246894023215	-10.133040102237379	-10.136925995514778	-10.140902015738309	-10.144964513930752	-10.149108867204577	-10.153329589796895	-10.157620480833527	-10.161974748915275	-10.166385134836103	-10.170844056128926	-10.175343714482599	-10.17987615421869	-10.184433436413592	-10.189007628756894	-10.19359090947034	-10.198175614877611	-10.202754280066312	-10.20731966490752	-10.211864798374714	-10.216383010852729	-10.220867921608098	-10.225313498186287	-10.229714049276852	-10.234064246849922	-10.238359142192358	-10.242594188445318	-10.246765244735549	-10.25086859891941	-10.254900977169724	-10.258859561015276
-11.399999999999999	-9.759519709932015	-9.767282151600638	-9.77501946744446	-9.782721676245421	-9.790379340614674	-9.79798351749938	-9.805525724978832	-9.812997914090968	-9.82039245301528	-9.827702116072285	-9.834920081160819	-9.842039929742715	-9.849055652834648	-9.85596165655926	-9.86275277155533	-9.869424259196663	-9.87597182202809	-9.882391608638258	-9.888680213146403	-9.89483468521344	-9.90085252982571	-9.90673168876565	-9.912470555476373	-9.918067956688185	-9.923523144180766	-9.928835785428474	-9.934005957230323	-9.939034123918352	-9.943921137968426	-9.948668230709817	-9.953277006574773	-9.957749443315096	-9.962087900246221	-9.966295123141425	-9.970374262564924	-9.974328880564068	-9.97816298496006	-9.981881053215268	-9.985487995013855	-9.988989216447814	-9.99239051175523	-9.995698155762957	-9.998918785813581	-10.002059360032892	-10.005127135068472	-10.00812948408247	-10.011073940381962	-10.013968092609895	-10.01681954403259	-10.019635855503163	-10.022424603011482	-10.025193294629627	-10.027949451143813	-10.030700669785912	-10.033454561203666	-10.03621886839677	-10.039001464802014	-10.041810314030485	-10.044653479743145	-10.047539040547434	-10.050475001728254	-10.05346917368387	-10.056529043016068	-10.059661597124087	-10.062873146302646	-10.066169200795771	-10.069554306568369	-10.073031925686331	-10.07660434642649	-10.080272649601715	-10.08403665121246	-10.087894962744098	-10.091845025770896	-10.095883199997562	-10.100004866527252	-10.104204561670365	-10.108476086869189	-10.112812660652825	-10.117207028323758	-10.121651611454197	-10.126138556975903	-10.130659931129008	-10.135207713950349	-10.139773921462469	-10.144350649370523	-10.1489301392245	-10.153504792538275	-10.158067244375825	-10.16261038763806	-10.167127377262213	-10.171611673737594	-10.17605707014824	-10.180457696047874	-10.184808052292084	-10.1891030294498	-10.19333792099774	-10.197508438260998	-10.201610735439829	-10.205641426281439	-10.209597588277505	-10.213476786548414
-11.3	-9.724635807326514	-9.732296841263013	-9.739912935414004	-9.747475585982142	-9.754976788148987	-9.762408941320981	-9.769764820298008	-9.77703760905047	-9.784220828112772	-9.79130833931668	-9.798294389632073	-9.805173587675954	-9.811940916237559	-9.818591738741388	-9.825121820711995	-9.831527319886984	-9.837804796143276	-9.843951245353866	-9.849964064496746	-9.855841086838723	-9.861580545831739	-9.867181104693932	-9.872641819108086	-9.8779621564541	-9.883141971815661	-9.888181509103127	-9.893081372654887	-9.897842540416873	-9.902466346793567	-9.906954484481833	-9.911309001691142	-9.915532316280675	-9.919627216042395	-9.923596876604647	-9.927444888640533	-9.931175286423574	-9.93479252077203	-9.938301529421336	-9.941707644139084	-9.945016698044874	-9.948234924171999	-9.951368941138863	-9.954425649974462	-9.957412297089054	-9.960336182911107	-9.963204809664207	-9.966025720363287	-9.968806449604875	-9.97155451322905	-9.974277437971326	-9.9769826456713	-9.9796776495548	-9.98236992943266	-9.98506707096871	-9.987776758116539	-9.990506806828085	-9.993265121076709	-9.996059737596788	-9.998898658065475	-10.001789861928657	-10.00474112032459	-10.007759874639685	-10.010853072164084	-10.014027004992796	-10.017287145432391	-10.020638025630879	-10.02408307879594	-10.02762460154664	-10.031263645521818	-10.035000035264474	-10.038832377306235	-10.042758126458143	-10.04677364031467	-10.05087432515783	-10.055054715525943	-10.059308624720016	-10.063629264825883	-10.068009383805178	-10.072441365507844	-10.076917356663841	-10.081429347344473	-10.085969266371967	-10.090529041360613	-10.095100675575784	-10.099676276273305	-10.104248122150283	-10.108808711121629	-10.113350758547526	-10.11786725764698	-10.122351501484866	-10.12679709893962	-10.131198011594668	-10.13554858263299	-10.139843536700369	-10.144078020912799	-10.148247616521916	-10.152348363169592	-10.156376769961394	-10.160329838111696	-10.164205063198084	-10.168000454369071
-11.2	-9.689481216043571	-9.697001751692504	-9.704460955766303	-9.711851676440668	-9.719167153998521	-9.726400970893595	-9.733547050147548	-9.740599581289779	-9.747553140396018	-9.754402576897997	-9.761143062489564	-9.767770120901652	-9.77427961421329	-9.780667741091065	-9.786931097099737	-9.793066622193757	-9.79907166345448	-9.804943939338859	-9.810681559333753	-9.816283026141123	-9.821747228997278	-9.827073438377923	-9.83226130516883	-9.837310844165124	-9.842222432521075	-9.84699680181358	-9.851635029931826	-9.856138534877338	-9.860509078653662	-9.8647487644433	-9.868860051216714	-9.872845749154292	-9.87670905996427	-9.880453600405872	-9.884083376550905	-9.88760286411312	-9.891016926605497	-9.894330936225268	-9.897550680548175	-9.90068237481672	-9.90373258580436	-9.906708211339035	-9.909616382001964	-9.912464422839985	-9.915259771617443	-9.918009903871749	-9.920722315078219	-9.923404477769596	-9.92606380820086	-9.92870775214098	-9.93134369589105	-9.933979094984585	-9.936621477957289	-9.93927847550017	-9.941957836597231	-9.944667447145827	-9.947415262524876	-9.950209273186433	-9.95305740193643	-9.95596739150905	-9.958946646423911	-9.962002085179709	-9.965139975984117	-9.968365781453668	-9.971683997196985	-9.975098076395051	-9.978610282923453	-9.982221673767556	-9.985932076951384	-9.989740109971475	-9.993643220003172	-9.997637795702733	-10.00171923482616	-10.005882079257228	-10.010120140342062	-10.014426626163317	-10.018794256318637	-10.023215386237391	-10.027682110345452	-10.032186355784948	-10.036719963470357	-10.041274763275629	-10.045842636296348	-10.05041555274044	-10.054985660038483	-10.059545278231278	-10.064086959923207	-10.0686035280306	-10.07308809981829	-10.077534110948058	-10.081935368078573	-10.08628604401617	-10.09058072226891	-10.094814415969921	-10.098982594827975	-10.10308119214655	-10.107106640711901	-10.111055872076433	-10.114926341299569	-10.118716023370688	-10.122423423829165
-11.1	-9.653979722436361	-9.661327978619035	-9.668601600449682	-9.675794628919078	-9.682901402645262	-9.689916553716964	-9.696834925341705	-9.70365172152137	-9.710362357342063	-9.716962546042664	-9.723448293998178	-9.729815920431069	-9.736062026055524	-9.742183596852383	-9.748177926468413	-9.754042661716744	-9.759775804253858	-9.765375730133757	-9.770841157111551	-9.776171189255935	-9.781365267963949	-9.786423205245848	-9.791345149853809	-9.796131595481288	-9.800783373187418	-9.805301640627757	-9.80968788447635	-9.813943916939929	-9.818071881820368	-9.82207425642092	-9.82595387797575	-9.829713970569928	-9.833358120576149	-9.836890359393907	-9.840315086685656	-9.843637203164679	-9.846862035815734	-9.84999535629192	-9.853043326045274	-9.85601249179551	-9.858909691481815	-9.86174202552369	-9.864516773529058	-9.86724131077645	-9.869923073579404	-9.872569505683725	-9.875188001053376	-9.877785972472266	-9.8803707492147	-9.882949694979207	-9.8855302096399	-9.88811976731661	-9.890725942856658	-9.893356452237157	-9.896019120267507	-9.898721865063912	-9.901472647458101	-9.904279359811287	-9.907149705188576	-9.910091064375667	-9.913110336137072	-9.91621377299685	-9.919406813779206	-9.922693973265071	-9.926078671079816	-9.929563181083534	-9.933148564067189	-9.936834654747695	-9.940620067671347	-9.944502276639364	-9.94847766080985	-9.95254162315345	-9.956688706477019	-9.960912716402525	-9.965206810477708	-9.969563700751813	-9.973975681801111	-9.978434780519844	-9.98293283925219	-9.987461599086249	-9.992012764657453	-9.996578076162763	-10.001149378325554	-10.005718641028047	-10.01027801542737	-10.01481989213576	-10.019336915194282	-10.023822025386282	-10.02826850498323	-10.03266999553012	-10.037020523762779	-10.041314541556956	-10.04554695115937	-10.049713111379221	-10.053808883403384	-10.057830628609414	-10.061775235939177	-10.065640128476451	-10.069423274100961	-10.073123177071988	-10.07673888362498
-11.	-9.618070019375564	-9.625220776949662	-9.632286395982593	-9.6392619263855	-9.64614265091994	-9.652924077352235	-9.65960193751659	-9.666172193171606	-9.672631047273315	-9.678974955581676	-9.685200637397505	-9.691305098613066	-9.697285642470982	-9.703139872348507	-9.708865718937043	-9.71446143727376	-9.719925618484572	-9.725257189946449	-9.730455420850143	-9.73551991034063	-9.740450597330765	-9.745247747024244	-9.749911949145554	-9.754444110352932	-9.758845454228496	-9.763117514367567	-9.767262142140133	-9.771281498396418	-9.775178082614566	-9.778954754522294	-9.782614706329424	-9.786161547552554	-9.789599232113819	-9.792932194487198	-9.796165294646302	-9.799303836299577	-9.8023535397917	-9.805320546726273	-9.808211343411077	-9.811032738900222	-9.81379179188701	-9.816495717745616	-9.819151854294462	-9.821767589992998	-9.824350290271463	-9.826907347383049	-9.82944606079092	-9.831973736698876	-9.834497685268028	-9.837025256278412	-9.83956385894369	-9.842121044797798	-9.844704467482972	-9.847321924744255	-9.849981301694323	-9.852690523463492	-9.855457446589782	-9.858289759429445	-9.861194821727468	-9.864179521558029	-9.867250092549469	-9.870411988930108	-9.873669696299297	-9.877026650484897	-9.880485121463895	-9.884046183642527	-9.887709667988652	-9.89147421376475	-9.89533728285519	-9.899295262045253	-9.90334354760504	-9.90747667674407	-9.911688394433753	-9.915971874296805	-9.920319736992502	-9.924724219459558	-9.929177260540033	-9.933670601478845	-9.93819584912384	-9.94274459016264	-9.947308416509072	-9.951879000838433	-9.956448146667844	-9.96100784415624	-9.96555029809824	-9.970067988801407	-9.974553691897256	-9.979000532829431	-9.983402003820105	-9.987751999905104	-9.992044862011818	-9.996275383702441	-10.00043884882481	-10.004531048504687	-10.008548300168764	-10.01248746011182	-10.01634594347443	-10.020121716829193	-10.023813308002811	-10.027419793072989	-10.030941358762876
-10.899999999999999	-9.581704267672134	-9.58863828585074	-9.595479100817435	-9.60222261755117	-9.608864918835183	-9.615402267947308	-9.62183111550733	-9.628148112674458	-9.634350119861331	-9.640434234492483	-9.646397800881326	-9.652238418374772	-9.657953972420843	-9.663542636095977	-9.66900288375122	-9.674333499895921	-9.679533584535195	-9.68460254948098	-9.689540126221958	-9.6943463609487	-9.699021610602076	-9.70356653909682	-9.707982115449182	-9.712269607378225	-9.716430585953239	-9.720466915693558	-9.724380779270728	-9.72817469634965	-9.73185149209503	-9.735414380846038	-9.738866893084106	-9.7422130169223	-9.745457143340795	-9.748604107847274	-9.751659164335724	-9.754628011705538	-9.757516732026358	-9.760331783041948	-9.763079931681135	-9.765768174001746	-9.768403690645767	-9.770993772163076	-9.773545730689511	-9.7760669319216	-9.778564655702846	-9.781046180234437	-9.783518763649615	-9.785989656150917	-9.788466152133951	-9.790955643096167	-9.79346561182402	-9.796003692079399	-9.798577644393387	-9.801195313801522	-9.803864603598043	-9.80659336510916	-9.809389251308074	-9.812259623850377	-9.815211352206516	-9.818250681874932	-9.821383049223693	-9.824612957936758	-9.827943836410519	-9.831377975361407	-9.834916439968994	-9.838559085505429	-9.842304541501827	-9.846150275034327	-9.850092659223394	-9.854127093749062	-9.858248040997854	-9.862449265637657	-9.866723845614985	-9.871064342830815	-9.875462901544438	-9.879911363303705	-9.884401328138436	-9.888924293796803	-9.893471680486966	-9.89803492203024	-9.902605522869479	-9.907175122049289	-9.911735524350819	-9.91627877975621	-9.920797187120236	-9.925283379534978	-9.929730328447551	-9.934131394882137	-9.938480363319853	-9.94277146881299	-9.946999422556683	-9.951159444398268	-9.955247277558268	-9.959259208975919	-9.963192084765375	-9.96704331962001	-9.970810900811601	-9.974493386148865	-9.978089896764676	-9.981600100149663	-9.985024187605548
-10.8	-9.544846884181803	-9.551550183142961	-9.558154337046027	-9.564655950190096	-9.571051763061826	-9.577338690724712	-9.583513782487756	-9.589574252002834	-9.595517562625476	-9.601341337695846	-9.607043458895047	-9.612622037931688	-9.618075477285634	-9.623402425218712	-9.6286018487405	-9.633672976567043	-9.638615351226788	-9.643428807988013	-9.648113479946506	-9.652669794368263	-9.657098476708143	-9.661400534710276	-9.665577271410571	-9.669630269829174	-9.673561412792404	-9.67737290184112	-9.681067219959564	-9.68464721278547	-9.68811601396783	-9.69147718703296	-9.6947346737026	-9.697892843307342	-9.700956476883094	-9.703930805676618	-9.70682147447179	-9.709634530788975	-9.712376392411226	-9.715053766630305	-9.717673613104967	-9.720243067119435	-9.72276934695106	-9.725259763531476	-9.727721572895035	-9.730162035314816	-9.732588383456198	-9.7350078112463	-9.737427527596163	-9.739854797867817	-9.742296949875948	-9.74476144952465	-9.7472558931449	-9.749787997506774	-9.752365612602613	-9.754996606746463	-9.757688808791022	-9.760449885503341	-9.763287174519325	-9.766207560330784	-9.7692172853281	-9.772321789739044	-9.77552557896987	-9.778832101865511	-9.782243644894212	-9.785761293821942	-9.789384898427572	-9.793113081746531	-9.796943306631979	-9.800871940571774	-9.804894313762867	-9.80900489250348	-9.813197347954723	-9.81746470225659	-9.821799420125618	-9.82619354648219	-9.830638782056836	-9.835126610399188	-9.83964836497675	-9.84419530812719	-9.848758707201705	-9.853329896834516	-9.857900336911461	-9.862461674355457	-9.867005778378951	-9.871524805865183	-9.876011235512172	-9.880457910600075	-9.884858076469165	-9.889205416764995	-9.893494082218334	-9.8977187204625	-9.901874501941183	-9.905957140880094	-9.909962909593666	-9.913888657794724	-9.917731817181268	-9.921490405450665	-9.925163025832482	-9.928748854504311	-9.93224762348015	-9.93565959817075	-9.93898554349926
-10.7	-9.507473097409802	-9.51393632147213	-9.520296224730632	-9.526550002470447	-9.532694954007194	-9.538728505437446	-9.544648228987075	-9.550451837729453	-9.556137247633433	-9.561702571524588	-9.567146138109338	-9.572466521657613	-9.577662549262378	-9.582733294491529	-9.587678147803617	-9.592496721502984	-9.597188942720603	-9.601755013146109	-9.606195416365493	-9.610510906979908	-9.614702543750214	-9.618771621869106	-9.622719740862701	-9.626548814848855	-9.630260992104056	-9.633858776377952	-9.63734494053032	-9.640722638457838	-9.64399539170308	-9.647167119885596	-9.650242132910032	-9.65322519164556	-9.656121471012181	-9.658936578928015	-9.66167652732926	-9.66434767336071	-9.666956687502479	-9.669510487019597	-9.672016138723075	-9.674480847910834	-9.676911832430179	-9.679316325874161	-9.68170154264499	-9.684074652904654	-9.686442814362191	-9.688813200815432	-9.691193020956568	-9.693589587203574	-9.696010326556756	-9.698462800026647	-9.7009547165566	-9.703493899792289	-9.706088213074054	-9.708745480576638	-9.711473361302867	-9.714279208837405	-9.71716989984273	-9.720151687117882	-9.723230024818664	-9.726409426673237	-9.72969334801591	-9.73308409145108	-9.736582736251727	-9.740189130429416	-9.743901897430105	-9.7477184626536	-9.75163515618318	-9.755647277553011	-9.759749233512052	-9.763934617431033	-9.76819635066929	-9.772526788787529	-9.776917847648324	-9.781361098851193	-9.785847872586382	-9.790369336280673	-9.794916589539085	-9.799480721244489	-9.80405290071159	-9.808624411449411	-9.813186738437146	-9.81773159573127	-9.822250996681687	-9.826737285509362	-9.831183191630462	-9.835581857923364	-9.839926887021768	-9.844212363765186	-9.848432887574248	-9.852583598505946	-9.856660196103219	-9.860658955501057	-9.864576743349174	-9.868411020536454	-9.872159850996173	-9.875821889843738	-9.879396379030238	-9.882883125493247	-9.886282477977174	-9.889595288696707	-9.892822878843631
-10.6	-9.469567651156918	-9.475785350537002	-9.481897046905777	-9.487900411652364	-9.493793203054224	-9.499573275186872	-9.505238617606873	-9.51078737503057	-9.516217859231624	-9.521528585656704	-9.526718274070987	-9.531785902051109	-9.536730668162297	-9.541552015360523	-9.546249668367361	-9.550823611570786	-9.555274091597456	-9.559601638067573	-9.563807039663752	-9.567891335116805	-9.571855849030992	-9.575702209705153	-9.579432259669677	-9.583048188133676	-9.586552411173852	-9.589947721358723	-9.59323723063535	-9.596424440394493	-9.599513203723577	-9.602507814543017	-9.605412971818085	-9.608233818345415	-9.610975921270878	-9.613645235563455	-9.616248079296138	-9.618791083080364	-9.621281095451675	-9.62372516936219	-9.626130428557216	-9.628504059068064	-9.630853253134319	-9.633185165619734	-9.635506930427942	-9.637825668550503	-9.640148508725924	-9.64248263558024	-9.644835327064815	-9.647213974974115	-9.649626126786842	-9.65207949208409	-9.654581872574212	-9.657141127449826	-9.659765086562125	-9.66246141506681	-9.665237468885184	-9.668100146926284	-9.671055708584028	-9.674109616677352	-9.67726640087396	-9.680529530709094	-9.683901298749143	-9.687382792329968	-9.690973846665042	-9.694673043007954	-9.698477793586004	-9.702384371539356	-9.706388016245038	-9.710483052685044	-9.714662977826253	-9.718920592710642	-9.72324813653641	-9.72763738196282	-9.732079744340759	-9.73656639154709	-9.741088328621052	-9.745636469407001	-9.750201748766	-9.754775146565926	-9.75934779676828	-9.763911019230635	-9.768456390403962	-9.772975787045317	-9.77746144395511	-9.781905982522769	-9.786302470050707	-9.790644437739234	-9.794925926525643	-9.799141502817605	-9.803286293981072	-9.807355998786159	-9.811346912024693	-9.815255926316073	-9.819080550099653	-9.822818897104886	-9.826469689468091	-9.830032243122545	-9.83350644687967	-9.8368927373865	-9.840192066168802	-9.843405854263782	-9.846535948661156
-10.5	-9.431123403372027	-9.437093412638042	-9.44295596327206	-9.448709110369649	-9.454350970045152	-9.459879758536681	-9.465293817976987	-9.470591642061244	-9.475771893398068	-9.480833432791094	-9.485775325795665	-9.490596868414276	-9.495297593939036	-9.499877279150327	-9.504335954712909	-9.508673907096894	-9.512891675342717	-9.516990056473242	-9.520970104656676	-9.524833169067588	-9.528580807889261	-9.532214900642316	-9.535737539929706	-9.539151172223598	-9.54245853841079	-9.54566273306699	-9.548767185888478	-9.551775736000442	-9.554692612753975	-9.557522483592734	-9.560270450019361	-9.562942020387757	-9.565543111277965	-9.56808000280638	-9.570559251596514	-9.572987706580907	-9.575372328404324	-9.577720213305875	-9.580038508280268	-9.582334346310583	-9.584614846761285	-9.586887113839873	-9.589158220221403	-9.591435268344656	-9.593725415405778	-9.596035900369452	-9.598374111017039	-9.600747593265208	-9.603164027590715	-9.605631231500828	-9.608157060862494	-9.61074935518568	-9.613415792121009	-9.616163746144068	-9.619000126009405	-9.621931208263138	-9.624962471526594	-9.628098458028193	-9.631342634361697	-9.634697296385713	-9.63816351829327	-9.641741092784885	-9.645428589216303	-9.64922336014844	-9.65312160189207	-9.65711849184612	-9.661208243881122	-9.665384219975047	-9.669639120718557	-9.673965033768564	-9.678353564698812	-9.682795982917762	-9.687283280200786	-9.691806275084788	-9.696355727136325	-9.700922406669937	-9.705497082826504	-9.710070781357205	-9.714634665990975	-9.719180178852648	-9.723699084650628	-9.728183511057845	-9.732626007087214	-9.737019564527932	-9.741357673832065	-9.745634339323248	-9.749844117234245	-9.753982133532984	-9.758044105104894	-9.762026352830633	-9.76592581695157	-9.769740053833248	-9.773467245641916	-9.777106186318878	-9.780656273527553	-9.784117485606913	-9.787490357141223	-9.790775939663929	-9.793975764147769	-9.797091789059735	-9.800126348522367
-10.399999999999999	-9.392140000884295	-9.397862871248917	-9.403477813094511	-9.408983173977711	-9.414377366131164	-9.419658905092838	-9.42482642288759	-9.429878728031941	-9.434814780275932	-9.439633721111989	-9.444334923710507	-9.448917976135954	-9.453382694459608	-9.457729149277899	-9.461957645151923	-9.466068716435245	-9.470063164553459	-9.473942072962155	-9.47770671682045	-9.481358689544397	-9.484899776129138	-9.488332095979343	-9.491658041818802	-9.494880330893547	-9.49800199265971	-9.501026435931186	-9.503957436841032	-9.506799192488959	-9.50955632800266	-9.51223388280602	-9.51483733134997	-9.517372548566374	-9.519845746275784	-9.522263474677613	-9.524632490501237	-9.52695973757152	-9.529252267105836	-9.531517171353109	-9.533761550438223	-9.53599249090775	-9.538217049970722	-9.540442279870977	-9.542675252803162	-9.544923087431934	-9.54719303209805	-9.549492457039875	-9.55182889197989	-9.554210034361862	-9.556643688113434	-9.559137738154092	-9.561700038569368	-9.564338280942694	-9.567059858486628	-9.56987169936184	-9.57278009332156	-9.57579053943106	-9.578907580738248	-9.582134687406981	-9.585474132568416	-9.588926957866517	-9.592492938991205	-9.596170583796857	-9.599957162912586	-9.60384881565341	-9.607840586603352	-9.611926575236767	-9.616100027336156	-9.620353487952409	-9.624678877370576	-9.629067658095778	-9.633510907950928	-9.637999452385536	-9.642523932318417	-9.647074944116174	-9.651643069595545	-9.656218975753394	-9.660793495617822	-9.665357678415301	-9.669902846286337	-9.674420669501405	-9.678903193197044	-9.683342895615155	-9.687732726785752	-9.692066141918312	-9.696337132810646	-9.700540255609337	-9.704670651728788	-9.708724067262827	-9.712696866925427	-9.71658604065209	-9.72038921226812	-9.724104634495754	-9.72773118458022	-9.731268348317041	-9.734716201059257	-9.738075378066043	-9.741347041245936	-9.744532833683401	-9.747634833743327	-9.750655497937382	-9.753597601640083
-10.3	-9.352622738685241	-9.35810119664122	-9.36347202072627	-9.368733797324166	-9.373885173910345	-9.378924931840862	-9.383851958811306	-9.388665285676549	-9.393364142276068	-9.397947948007811	-9.402416323265674	-9.40676912631387	-9.411006432355192	-9.415128534776187	-9.41913598339502	-9.42302960049983	-9.426810390674262	-9.43047966704832	-9.434038920977994	-9.437489963463753	-9.44083485967775	-9.444075976824143	-9.447215967849043	-9.450257837798512	-9.453204931671214	-9.456060991874331	-9.45883017247029	-9.461517035906057	-9.464126588700456	-9.466664261274051	-9.469135861756595	-9.471547591026287	-9.473905921251426	-9.476217579550083	-9.478489468968696	-9.480728591925024	-9.482942003854943	-9.48513677327264	-9.487319947808036	-9.489498558083953	-9.491679630692557	-9.49387019857689	-9.496077395539988	-9.498308442599075	-9.500570707830295	-9.502871735716335	-9.505219212972847	-9.507620973642434	-9.5100849223016	-9.512618926094415	-9.515230703756998	-9.51792766991646	-9.520716769288516	-9.523604314464722	-9.52659580815071	-9.5296957987528	-9.532907725899769	-9.53623384993539	-9.539675177719634	-9.543231427210635	-9.546901019284636	-9.550681167139405	-9.55456787093591	-9.55855607415336	-9.562639720458138	-9.566811933987564	-9.57106507201229	-9.575390911111993	-9.57978072367175	-9.58422541829005	-9.588715635111035	-9.593241866230306	-9.597794522913139	-9.602364035391771	-9.60694093253567	-9.611515914212925	-9.616079910265627	-9.620624151898898	-9.625140217782201	-9.629620092018783	-9.63405620594588	-9.638441475487028	-9.642769344028371	-9.64703380155294	-9.651229421172896	-9.655351371801522	-9.65939544261886	-9.663358049894915	-9.667236248206034	-9.671027732896544	-9.67473083947333	-9.678344532388273	-9.681868394752142	-9.685302603435051	-9.688647903434465	-9.691905569433061	-9.695077363856672	-9.698165487516075	-9.701172523878272	-9.704101380899512	-9.70695522887631
-10.2	-9.312581402595072	-9.317819873598458	-9.322951602642398	-9.327975361916058	-9.332890009947842	-9.337694517719582	-9.342387993033983	-9.34696970653113	-9.351439111482817	-9.355795856961162	-9.360039800481932	-9.364171020618734	-9.368189800905508	-9.372096717484009	-9.375892520102852	-9.379578239778805	-9.383155085678034	-9.386624578100147	-9.389988462973728	-9.393248787655105	-9.396407850064852	-9.399468281048904	-9.40243300997891	-9.405305358473974	-9.408089017802325	-9.410788084643768	-9.413407081555548	-9.415950976120845	-9.418425127753558	-9.420835337768985	-9.42318772092075	-9.425488732492905	-9.42774504794354	-9.42996353044692	-9.432151144644026	-9.434314917053952	-9.43646187330193	-9.438599042098444	-9.440733423241165	-9.442872012448076	-9.445021850598513	-9.447190052615476	-9.449383840330917	-9.451610580059796	-9.453877833358657	-9.45619330656475	-9.458564853829625	-9.46100040153412	-9.463507848596064	-9.466094926905368	-9.468769088021173	-9.471537292822505	-9.474405863460012	-9.477380306708252	-9.480465146636883	-9.483663804281397	-9.486978513572454	-9.490410213605513	-9.493958539471603	-9.49762185300353	-9.501397225123423	-9.505280537941315	-9.509266589575194	-9.513349201939691	-9.517521297973992	-9.5217750957983	-9.52610217678185	-9.530493637537585	-9.534940212171403	-9.539432373299597	-9.543960441904483	-9.548514673841055	-9.553085357248312	-9.557662891505728	-9.562237857975127	-9.566801086861501	-9.571343728105015	-9.57585729576586	-9.580333726048249	-9.584765417726572	-9.58914527431257	-9.59346673536241	-9.597723810657087	-9.601911097888408	-9.606023810865711	-9.610057789323124	-9.614009512742243	-9.617876107863854	-9.621655352405133	-9.625345668507633	-9.628946118434511	-9.632456387042794	-9.635876759833844	-9.639208094467392	-9.642451786336018	-9.645609721064165	-9.648684227296469	-9.651678021297469	-9.654594143365376	-9.65743590027046	-9.660206798282099
-10.1	-9.272029301351111	-9.277033503160693	-9.281932310519664	-9.286724624191521	-9.291409485517882	-9.295986047063815	-9.300453604601097	-9.304811637246138	-9.309059808693245	-9.313197952096008	-9.317226140105905	-9.321144690468932	-9.32495409384311	-9.32865511547095	-9.332248693977757	-9.335736056896556	-9.339118666332137	-9.342398243884453	-9.345576763904551	-9.348656497870078	-9.351640011465188	-9.354530203115347	-9.357330340085145	-9.36004405690958	-9.362675409251105	-9.365228880038377	-9.367709366459927	-9.370122221969114	-9.372473157117943	-9.374768278072487	-9.377013979603193	-9.379216907917188	-9.381383882861867	-9.383521841659363	-9.385637768893227	-9.387738676780266	-9.38983155954657	-9.391923392562852	-9.39402116936305	-9.396131933046929	-9.398262774056098	-9.400420928329389	-9.402613796731734	-9.404848933664866	-9.407134080971609	-9.409477126711993	-9.411886013938531	-9.414368668172612	-9.416932871492062	-9.419586076213848	-9.422335264177603	-9.425186769522044	-9.428146065919803	-9.43121767475179	-9.434404982477577	-9.437710151327162	-9.441134043611129	-9.444676228560583	-9.448334921030291	-9.452107070885912	-9.455988429617744	-9.459973648588287	-9.464056350080345	-9.468229319180377	-9.472484570039354	-9.476813512504892	-9.481207062452695	-9.485655788872402	-9.490149992984309	-9.494679832954121	-9.499235427563372	-9.503806933096717	-9.508384628897304	-9.512958998640372	-9.517520794823927	-9.522061096466809	-9.5265713732536	-9.53104352796921	-9.53546994445859	-9.539843526915552	-9.544157730969713	-9.548406592643913	-9.552584753897474	-9.556687477771955	-9.560710667443184	-9.564650874455173	-9.568505307159343	-9.57227183028082	-9.57594896382622	-9.579535870396986	-9.583032343888487	-9.586438783497911	-9.589756168113245	-9.5929860161547	-9.596130341343502	-9.599191604639	-9.602172656742512	-9.605076676339944	-9.607907107343877	-9.61066759442531	-9.613361917618807
-10.	-9.23098243991493	-9.235759039403991	-9.240431877015956	-9.2450000264262	-9.249462662789261	-9.253819091269467	-9.258068813341794	-9.26221143570242	-9.266246852215124	-9.27017508816725	-9.273996413945083	-9.277711322721384	-9.281320492236386	-9.284824857008806	-9.288225623683825	-9.291524185838425	-9.29472221372153	-9.297821649958351	-9.300824697273619	-9.303733880706876	-9.306552064754863	-9.309282438673177	-9.311928609928236	-9.314494582811758	-9.31698477374317	-9.319404074288743	-9.32175774256738	-9.324051486980597	-9.326291351949052	-9.328483699712956	-9.330635136854736	-9.332752457649601	-9.334842555291239	-9.336912405017191	-9.33896898569676	-9.341019258868377	-9.343070216884753	-9.345128843720245	-9.347202156635205	-9.349297276306093	-9.35142146096959	-9.353582105228801	-9.355786812404613	-9.358043352034544	-9.360359629240746	-9.36274363185248	-9.365203326478104	-9.367746498572917	-9.37038063256295	-9.373112723128475	-9.375949068438716	-9.378895155500395	-9.381955452384759	-9.38513328060844	-9.38843074427247	-9.391848614823044	-9.395386321230909	-9.39904195126298	-9.402812333654762	-9.406693042558334	-9.410678557670332	-9.414762341857887	-9.41893698037361	-9.42319430326629	-9.42752555309005	-9.431921470516397	-9.436372447543594	-9.440868626475442	-9.44540003205549	-9.449956637358083	-9.454528491899133	-9.459105773090755	-9.463678883417742	-9.468238507562933	-9.472775678466236	-9.477281831542273	-9.481748857641287	-9.486169139824485	-9.490535596711311	-9.49484171313128	-9.499081564432071	-9.503249844302262	-9.507341879747731	-9.511353644199778	-9.515281770532377	-9.51912355521217	-9.52287695831304	-9.526540601220171	-9.53011375671936	-9.533596331582926	-9.536988845525599	-9.540292401418718	-9.543508646191473	-9.546639727299805	-9.549688241592035	-9.552657178140791	-9.555549852278185	-9.558369847974564	-9.561120945569451	-9.563807060492602	-9.566432178445307
-9.9	-9.189458670603917	-9.194014965316244	-9.198469383165117	-9.202821112818498	-9.20706946740562	-9.211213913484064	-9.215254065647867	-9.21918978897765	-9.223021081122821	-9.226748191782468	-9.23037152664616	-9.23389177143072	-9.237309808304284	-9.240626784407471	-9.243844054036643	-9.246963247302586	-9.249986226780193	-9.252915172640304	-9.25575255317836	-9.258501166798112	-9.261164169951474	-9.263745120494145	-9.26624795591497	-9.268677086146832	-9.271037306397975	-9.273333869061162	-9.275572424655742	-9.277758984990962	-9.279899874284077	-9.282001673729132	-9.284071134062016	-9.286115139048523	-9.288140627881413	-9.290154561550303	-9.292163917214719	-9.294175651771972	-9.29619675498544	-9.298234262871583	-9.300295321264285	-9.302387186510698	-9.30451730552771	-9.306693296913911	-9.308922965723667	-9.311214260306581	-9.313575209668118	-9.316013791091812	-9.318537826922237	-9.321154813187484	-9.323871716199685	-9.326694845449126	-9.329629640689548	-9.332680503475327	-9.33585070745993	-9.339142238997086	-9.342555754135233	-9.346090541329197	-9.349744571587078	-9.353514475561902	-9.357395680858666	-9.36138247586609	-9.365468135981164	-9.369645059207283	-9.373904911565443	-9.378238737839043	-9.382637116654202	-9.387090278676531	-9.391588227420486	-9.396120840700794	-9.400677991730376	-9.40524961711484	-9.40982581906137	-9.414396931494766	-9.418953591211094	-9.423486798657732	-9.427987977196928	-9.432449014207885	-9.43686230948905	-9.441220810090508	-9.445518037770235	-9.449748122310572	-9.453905819678717	-9.457986526401097	-9.4619862975878	-9.465901854306033	-9.469730586093846	-9.473470556363335	-9.477120496142625	-9.480679790020003	-9.484148465743074	-9.487527168973235	-9.490817130370576	-9.494020131393993	-9.497138455555584	-9.50017483806539	-9.503132406626165	-9.506014618899917	-9.508825194661535	-9.511568050417862	-9.514247230999336	-9.516866847734818	-9.51943101927311
-9.799999999999999	-9.147477184754722	-9.15182087697393	-9.15606471980795	-9.160208040936183	-9.164250257623607	-9.16819099185427	-9.172030035828323	-9.17576738140198	-9.179403177941738	-9.182937857695983	-9.186372037587235	-9.189706555719066	-9.192942492797718	-9.196081177103524	-9.199124146112748	-9.20207325134534	-9.204930604233432	-9.207698617751857	-9.210380043896249	-9.212977997347188	-9.215495967546838	-9.217937868851209	-9.220308035955588	-9.222611250936943	-9.224852709822775	-9.22703802643679	-9.229173179135957	-9.231264457907685	-9.233318375903107	-9.2353417790525	-9.237341413192311	-9.239324229016294	-9.24129720064941	-9.243267275418908	-9.24524141037207	-9.24722665590821	-9.249230023912453	-9.251258676736384	-9.253319921020879	-9.25542122425223	-9.257570239610239	-9.259774836504018	-9.262042975891562	-9.264382729259433	-9.26680209758308	-9.269308919699968	-9.271910671515096	-9.274614334213425	-9.277426169322592	-9.280351552707636	-9.283394840392788	-9.28655918648433	-9.289846452579592	-9.293257176721742	-9.296790503098862	-9.300444219196798	-9.304214794982082	-9.308097469730809	-9.312086332974264	-9.31617449123294	-9.320354147724245	-9.32461678623883	-9.328953284007731	-9.333354058066805	-9.337809190479245	-9.342308551466475	-9.34684190467318	-9.351399018298686	-9.35596974869411	-9.360544131298692	-9.365112451855758	-9.369665315105244	-9.374193707480428	-9.378689049917336	-9.383143244090853	-9.387548720184695	-9.391898461800933	-9.396186043893742	-9.400405658508685	-9.404552130342726	-9.408620937314062	-9.41260822244269	-9.416510800196432	-9.42032616333115	-9.424052483321182	-9.42768860366107	-9.43123403061201	-9.434688917780685	-9.438054037980647	-9.441330757554027	-9.444520994494471	-9.447627171940468	-9.450652166127187	-9.453599246304083	-9.456472006049376	-9.459274303178516	-9.462010184763422	-9.464683822100502	-9.46729944458018	-9.469861283868916	-9.472373518369329
-9.7	-9.105057930794098	-9.109196934309887	-9.113238246202213	-9.11718125897437	-9.121025564685247	-9.124770908903864	-9.12841721002878	-9.131964609503392	-9.135413486943738	-9.138764393066573	-9.142018122898033	-9.145175719256875	-9.148238416366688	-9.1512077344178	-9.154085465398168	-9.156873649892407	-9.15957466507415	-9.162191216277787	-9.164726351468365	-9.167183524755579	-9.169566598033706	-9.171879872436454	-9.174128073146528	-9.176316370232739	-9.178450337634482	-9.180535920041295	-9.182579382673586	-9.184587256740459	-9.18656624276199	-9.188523188614575	-9.19046501804248	-9.192398669919994	-9.194331114094298	-9.196269332064242	-9.198220344669792	-9.200191230081556	-9.20218917841825	-9.204221517060358	-9.206295757599019	-9.208419604816621	-9.21060094630691	-9.212847801384383	-9.21516824918828	-9.217570321759698	-9.220061863256326	-9.222650331058196	-9.225342674534575	-9.22814509892292	-9.231062927212712	-9.234100397899493	-9.237260555827325	-9.24054513297262	-9.243954506544599	-9.247487657082974	-9.251142197350076	-9.254914409233649	-9.258799337313372	-9.262790887941692	-9.266881971224743	-9.271064615078883	-9.275330126319966	-9.279669220746188	-9.284072167306416	-9.288528911899755	-9.293029204431273	-9.29756271330294	-9.302119117632039	-9.306688209265072	-9.311259977963038	-9.315824671867938	-9.320372882261196	-9.324895596193706	-9.329384245733737	-9.333830764094536	-9.338227617016038	-9.342567840365872	-9.34684507102485	-9.351053570304858	-9.355188242325717	-9.359244653080596	-9.36321904004846	-9.36710831984069	-9.370910092215219	-9.374622642896464	-9.378244935601465	-9.381776601013591	-9.385217921668138	-9.388569806479701	-9.3918337595035	-9.39501183829187	-9.398106608013336	-9.401121085597351	-9.404058679686193	-9.406923123433272	-9.409718405744027	-9.412448700661024	-9.415118299141634	-9.417731543029785	-9.42029276689878	-9.42280624597898	-9.425276153824884
-9.6	-9.062221226981217	-9.06616354055931	-9.070010342309919	-9.073761179404778	-9.077415718357917	-9.080973866872846	-9.084435706894743	-9.087801553433698	-9.091071918655754	-9.094247546614914	-9.09732938070291	-9.100318649101578	-9.103216806485076	-9.106025569922473	-9.108746947771973	-9.111383266451167	-9.113937159422884	-9.116411649363025	-9.11881012768148	-9.121136426378262	-9.123394788013547	-9.125589912802827	-9.127726930028016	-9.129811381420621	-9.131849183372053	-9.133846588108506	-9.135810089762964	-9.137746388817982	-9.139662326351647	-9.141564805680932	-9.143460784929744	-9.145357242613269	-9.147261186460538	-9.149179652432831	-9.151119755709768	-9.153088714045433	-9.155093903113723	-9.157142874870985	-9.159243382929072	-9.16140334291706	-9.163630807658492	-9.16593388083735	-9.168320607818623	-9.170798795236355	-9.17337589729393	-9.176058814388039	-9.178853681680243	-9.181765714359138	-9.184799046724779	-9.187956574919667	-9.191239887559023	-9.194649197260112	-9.198183301691886	-9.201839619318614	-9.205614242574992	-9.209502021997043	-9.213496679152192	-9.21759093255881	-9.221776638412438	-9.226044937659585	-9.230386394701277	-9.234791141236382	-9.23924900959564	-9.243749643236214	-9.248282628043944	-9.252837574706223	-9.257404227304926	-9.26197253784211	-9.266532745207058	-9.271075434952486	-9.275591610604515	-9.28007273213338	-9.28451076881066	-9.2888982356167	-9.29322823244155	-9.297494464913957	-9.30169127421378	-9.305813649571068	-9.30985725238408	-9.313818419492325	-9.317694175048125	-9.321482234264309	-9.325181001692211	-9.328789565051544	-9.33230768774081	-9.33573578492415	-9.339074904979421	-9.342326692006635	-9.345493346070752	-9.34857757524707	-9.351582537092028	-9.35451177833461	-9.35736916561039	-9.3601588162154	-9.3628850249524	-9.365552195833436	-9.368164775662045	-9.37072719565545	-9.373243816716375	-9.37571889320739	-9.37815653556966
-9.5	-9.01898745624482	-9.022741001566544	-9.026401241110435	-9.029967841174347	-9.033440652929862	-9.036819701198402	-9.04010523498058	-9.043297711893558	-9.046397804767372	-9.049406425392421	-9.05232473274671	-9.055154128336152	-9.057896273812522	-9.06055313000706	-9.063126954062334	-9.065620350928885	-9.068036276700784	-9.070378107402442	-9.072649600856783	-9.074854977719658	-9.076998897947595	-9.079086459100086	-9.08112317308034	-9.083114949904454	-9.085067998606013	-9.086988814198993	-9.088884094398082	-9.090760661620363	-9.092625436748389	-9.09448538803626	-9.096347521535279	-9.098218858334702	-9.100106474784765	-9.102017514012962	-9.103959243327619	-9.105939077375346	-9.107964622765772	-9.110043657321643	-9.112184138101894	-9.114394142302935	-9.116681791318928	-9.119055094219908	-9.121521858661344	-9.12408949789335	-9.126764826837631	-9.129553894414107	-9.132461805365635	-9.135492545098593	-9.138648867669016	-9.141932197824028	-9.145342556050387	-9.148878552694088	-9.152537411435071	-9.156315031648885	-9.160206070091313	-9.16420405994927	-9.168301542363455	-9.172490209765064	-9.176761045458607	-9.181104482654973	-9.185510531501217	-9.189968917163498	-9.194469203513487	-9.199000902632122	-9.203553580043419	-9.20811694416399	-9.212680933866645	-9.21723577939889	-9.221772089799154	-9.226280885059884	-9.23075366677999	-9.235182453894797	-9.239559825514073	-9.243878945494346	-9.248133602296706	-9.252318219425096	-9.25642788259261	-9.2604583506668	-9.264406070361984	-9.2682681772808	-9.272042507468091	-9.275727588463994	-9.279322641591818	-9.282827560445597	-9.286242902129322	-9.289569854643304	-9.292810206168767	-9.29596629868455	-9.299040983078294	-9.302037556349612	-9.304959700194166	-9.307811411070109	-9.310596927900166	-9.313320659714885	-9.315987116546614	-9.318600841462525	-9.32116635310464	-9.323688093451311	-9.326170387621875	-9.32861741038533	-9.331033164065794