0 -5.0 -4.95 -4.9 -4.85 -4.8 -4.75 -4.7 -4.65 -4.6 -4.55 -4.5 -4.45 -4.4 -4.35 -4.3 -4.25 -4.2 -4.15 -4.1 -4.05 -4.0 -3.95 -3.9 -3.8499999999999996 -3.8 -3.75 -3.7 -3.65 -3.5999999999999996 -3.55 -3.5 -3.45 -3.4 -3.3499999999999996 -3.3 -3.25 -3.2 -3.15 -3.0999999999999996 -3.05 -3.0 -2.9499999999999997 -2.9 -2.85 -2.8 -2.75 -2.6999999999999997 -2.65 -2.5999999999999996 -2.55 -2.5 -2.4499999999999997 -2.4 -2.3499999999999996 -2.3 -2.25 -2.1999999999999997 -2.15 -2.0999999999999996 -2.05 -2.0 -1.9499999999999997 -1.9 -1.8499999999999996 -1.7999999999999998 -1.75 -1.6999999999999997 -1.65 -1.5999999999999996 -1.5499999999999998 -1.5 -1.4499999999999997 -1.4 -1.3499999999999996 -1.2999999999999998 -1.25 -1.1999999999999997 -1.15 -1.0999999999999996 -1.0499999999999998 -1.0 -0.9500000000000002 -0.8999999999999995 -0.8499999999999996 -0.7999999999999998 -0.75 -0.7000000000000002 -0.6499999999999995 -0.5999999999999996 -0.5499999999999998 -0.5 -0.4500000000000002 -0.39999999999999947 -0.34999999999999964 -0.2999999999999998 -0.25 -0.19999999999999932 -0.14999999999999947 -0.09999999999999964 -0.04999999999999982 0.0
-18.0 -18.516487540689027 -18.43964103891113 -18.362749254695782 -18.285812606852126 -18.208831529812176 -18.13180647442329 -18.054737908868688 -17.9776263197322 -17.900472213225157 -17.82327611659571 -17.746038579743008 -17.668760177061497 -17.59144150954348 -17.514083207171502 -17.436685931635775 -17.359250379416103 -17.28177728527239 -17.204267426193123 -17.126721625856938 -17.049140759668987 -16.97152576044105 -16.893877624792502 -16.816197420358158 -16.738486293899257 -16.660745480424826 -16.582976313443275 -16.50518023647773 -16.427358815993895 -16.34951375590618 -16.271646913846336 -16.19376031939945 -16.115856194534544 -16.03793697648182 -15.960005343335213 -15.882064242688418 -15.804116923643784 -15.72616697256758 -15.648218353001152 -15.57027545017577 -15.492343120618907 -15.41442674738095 -15.336532301453191 -15.25866640998928 -15.180836431982016 -15.103050542083361 -15.025317823285777 -14.947648369204202 -14.870053396706524 -14.792545369631256 -14.715138134298549 -14.637847067456967 -14.560689237205144 -14.483683577273345 -14.406851074833 -14.330214971707512 -14.253800978468721 -14.177637500402005 -14.101755873689495 -14.02619060937523 -13.950979641719272 -13.876164576403411 -13.80179093270906 -13.727908372246937 -13.65457090509235 -13.581837062303213 -13.509770021832345 -13.438437672888174 -13.367912601988317 -13.29827198247703 -13.22959734837954 -13.161974233431707 -13.095491657276126 -13.030241443492649 -12.96631735864427 -12.903814068102227 -12.842825913156252 -12.783445524687535 -12.725762301064178 -12.669860791153079 -12.615819036320168 -12.563706936606739 -12.513584714346816 -12.465501551786629 -12.419494476538208 -12.375587559279879 -12.333791472158277 -12.289991879987957 -12.250820380324276 -12.21413203479353 -12.17983625788797 -12.147538301485875 -12.117180349301819 -12.087776869123621 -12.060584624638413 -12.0352692343794 -12.011414259892014 -11.988956182852338 -11.968107182592721 -11.948404923598467 -11.930120754308165 -11.912889171674268
-17.9 -18.31649794692297 -18.23965270940727 -18.16276234307963 -18.0858272854197 -18.008847991799033 -17.931824936549226 -17.85475861419151 -17.777649540848056 -17.700498255857454 -17.623305323619682 -17.546071335698695 -17.468796913214256 -17.39148270955826 -17.31412941347501 -17.236737752549647 -17.159308497154054 -17.08184246490548 -17.004340525699604 -16.926803607387022 -16.849232702170376 -16.77162887380811 -16.693993265721218 -16.616327110110344 -16.538631738202998 -16.4609085917646 -16.38315923602214 -16.305385374166267 -16.227588863616123 -16.149771734251885 -16.071936208842295 -15.99408472591929 -15.916219965378579 -15.838344877114299 -15.760462713027335 -15.682577062780855 -15.604691893712696 -15.526811595352523 -15.44894102903158 -15.371085583114176 -15.293251234421833 -15.215444616462408 -15.13767309511616 -15.059944852466755 -14.982268979495368 -14.90465557837733 -14.827115875129158 -14.74966234334476 -14.672308839726872 -14.595070752056175 -14.517965160136983 -14.441011010104397 -14.36422930226066 -14.287643292313566 -14.211278705500739 -14.135163962582006 -14.059330416048306 -13.98381259410975 -13.908648449068234 -13.833879605535358 -13.759551602613834 -13.685714122619226 -13.612421197192509 -13.539731379776699 -13.46770787146473 -13.396418585267787 -13.325936132043173 -13.256337709847038 -13.187704877579241 -13.120123193753223 -13.053681702377242 -12.988472250611398 -12.92458862737996 -12.862125518704305 -12.801177284267764 -12.741836570500128 -12.684192787857544 -12.62833049321386 -12.57432773126388 -12.522254400160508 -12.472170714689103 -12.424125843580311 -12.378156794831835 -12.334287613484529 -12.292528940329923 -12.248595481753403 -12.209395086870066 -12.172694678142989 -12.138401491624425 -12.10610649710039 -12.07575186297467 -12.04631406625313 -12.019104635649573 -11.99377843818142 -11.969905073693694 -11.947421669899873 -11.926552372705055 -11.906819126431907 -11.888507583854512 -11.87124041469322 -11.855174930794949 -11.840122782619517
-17.8 -18.11651104736788 -18.03966740140521 -17.962778820018467 -17.88584576418814 -17.808868715642173 -17.731848178270845 -17.654784679745156 -17.577678773364 -17.500531040158318 -17.423342091283875 -17.34611257073789 -17.26884315843914 -17.191534573715604 -17.11418757924918 -17.036802985532617 -16.959381655900536 -16.88192451220352 -16.804432541202488 -16.726906801769545 -16.64934843299156 -16.571758663283987 -16.494138820634742 -16.41649034411188 -16.338814796783986 -16.261113880219064 -16.183389450746485 -16.10564353768683 -16.02787836377715 -15.950096368043772 -15.87230023140162 -15.794492905288243 -15.716677643672252 -15.63885803880985 -15.56103806115916 -15.48322210390038 -15.405415032549744 -15.327622240196494 -15.249849708933938 -15.172104078097023 -15.094392719958476 -15.016723823571622 -14.939106487478185 -14.861550822020485 -14.784068062006035 -14.706670690463309 -14.629372574194727 -14.552189111769234 -14.475137394493277 -14.398236380744818 -14.32150708383782 -14.244972773289625 -14.168659188974436 -14.09259476714431 -14.016810876665105 -13.941342063028673 -13.866226296745088 -13.79150522157365 -13.717224396708414 -13.643433525492158 -13.570186661505872 -13.497542381002953 -13.425563908690783 -13.354319181903707 -13.283880836400957 -13.214326095548898 -13.145736543748853 -13.078197764937634 -13.011798828142062 -12.946631604748204 -12.882789906663264 -12.820368441136887 -12.759461586758633 -12.700162005929927 -12.642559121502634 -12.586737498523295 -12.532775185013067 -12.48074207704088 -12.43069838143313 -12.382693252762955 -12.336763678529694 -12.29293367700804 -12.251213856267608 -12.20714141600877 -12.167911033222616 -12.131198106328041 -12.096907607834837 -12.064615686869722 -12.034264495964088 -12.004791090821243 -11.97756382926649 -11.952226419832884 -11.928333977901087 -11.905824303297852 -11.884933954851933 -11.865168573553053 -11.846828647686346 -11.8295245843959 -11.813423110411224 -11.798331141462368 -11.784156659645989 -11.77088486892168
-17.7 -17.91652753949042 -17.83968589708114 -17.762799562684613 -17.685869026860907 -17.60889480451087 -17.531877436727104 -17.454817492901288 -17.377715573119435 -17.30057231088043 -17.223388376177365 -17.146164478985952 -17.06890137320941 -16.991599861135132 -16.91426079846499 -16.83688509998833 -16.75947374597488 -16.6820277893739 -16.604548363915782 -16.527036693223724 -16.449494101055393 -16.371922022808285 -16.29432201843786 -16.216695786954304 -16.139045182682434 -16.061372233489855 -15.983679161210834 -15.905968404518163 -15.828242644522065 -15.75050483340444 -15.672758226428273 -15.595006417695945 -15.517253380066322 -15.43950350967874 -15.361761675571985 -15.284033274927591 -15.206324294508672 -15.128641378906801 -15.050991906249147 -14.973384072054081 -14.895826981953606 -14.81833075402219 -14.740906631460007 -14.663567106369404 -14.586326055330654 -14.509198887419261 -14.432202705203563 -14.355356479106973 -14.278681235302049 -14.202200257008306 -14.12593929867639 -14.049926812039164 -13.974194182376147 -13.898775972551194 -13.823710171425548 -13.749038442102915 -13.674806364119801 -13.601063662152002 -13.52786441208071 -13.45526721338332 -13.383335314846823 -13.312136678642464 -13.24174396598945 -13.172234426160838 -13.103689669686627 -13.036195306575154 -12.969840431528734 -12.904716940810433 -12.840918669938132 -12.77854034797409 -12.717676372932376 -12.658419423613289 -12.600858935573909 -12.545079482197634 -12.491159114823361 -12.439167727228797 -12.389165517852748 -12.341201626442968 -12.295313019082062 -12.251523686106587 -12.209844201444936 -12.165627506075888 -12.126366009882856 -12.089640096284672 -12.055352386361257 -12.0230636539633 -11.992716035172798 -11.963205691414045 -11.935959935130224 -11.91061089714486 -11.886698670342344 -11.864161753657227 -11.843249578085274 -11.823450881532125 -11.805081534113521 -11.78773923295698 -11.771600464448584 -11.756467238780854 -11.742246634411817 -11.72892594741524 -11.716433507224982 -11.704683152126327
-17.6 -17.716548301271327 -17.63970918103869 -17.562825675249453 -17.48589831169232 -17.408927647017933 -17.331914269138235 -17.254858799948483 -17.17776189841148 -17.100624264048196 -17.023446640884426 -16.946229821908616 -16.868974654102928 -16.791682044116502 -16.714352964658335 -16.636988461696 -16.55958966255658 -16.482157785037476 -16.40469414764702 -16.327200181108765 -16.24967744127846 -16.172127623639778 -16.094552579563324 -16.016954334534105 -15.939335108575051 -15.861697339118919 -15.784043706607784 -15.706377163128444 -15.628700964423729 -15.551018705653556 -15.4733343613157 -15.395652329774531 -15.317977482885954 -15.240315221247986 -15.162671535648322 -15.085053075321527 -15.007467223668185 -14.929922182124328 -14.85242706289963 -14.774991991324017 -14.697628218550737 -14.620348245354814 -14.543165957732862 -14.466096774946546 -14.389157810548197 -14.312368046772836 -14.235748522463368 -14.159322534400413 -14.083115851518777 -14.007156940990269 -13.931477204518163 -13.85611122240186 -13.781097001972078 -13.706476225851134 -13.63229449414886 -13.558601553162 -13.48545150141672 -13.412902962015142 -13.341019208278682 -13.26986822772148 -13.199522707575525 -13.130059923614267 -13.061561513123126 -12.994113112831725 -12.927803843778218 -12.862725627758486 -12.798972324534487 -12.73663868557137 -12.675819128831423 -12.616606349945135 -12.55908979748608 -12.50335405333705 -12.449477172139964 -12.397529045162312 -12.347569862008177 -12.299648746905842 -12.253802643567973 -12.210055513176995 -12.16841789404727 -12.124051510234633 -12.084757742034984 -12.048018359528076 -12.013733541646767 -11.98144811617689 -11.951104202158644 -11.921555550997686 -11.894290617142936 -11.868929522121084 -11.844996782933036 -11.822431625554405 -11.801496825343754 -11.781663600738286 -11.763263765199408 -11.745881846290077 -11.729704444254256 -11.714528488475013 -11.700260124169429 -11.686888816320117 -11.67434258881838 -11.662534296834462 -11.651410357955285 -11.640933718247659
-17.5 -17.516574437899568 -17.439738492665228 -17.362858547587162 -17.285935177306524 -17.20896899101417 -17.131960635539365 -17.054910798844343 -16.9778202139742 -16.90068966351755 -16.823519984639805 -16.74631207475826 -16.669066897936368 -16.59178549208346 -16.514468977056442 -16.437118563771072 -16.35973556444287 -16.282321404091583 -16.204877633458317 -16.127405943501437 -16.049908181655855 -15.972386370060997 -15.894842725985095 -15.817279684698276 -15.739699925073692 -15.662106398225196 -15.584502359521606 -15.506891404351544 -15.429277508048944 -15.351665070427611 -15.274058965413154 -15.196464596301926 -15.118887957218405 -15.041335701383804 -14.96381521684838 -14.886334710375868 -14.808903300198653 -14.731531118383412 -14.65422942355538 -14.577010724720127 -14.49988891688892 -14.4228794291498 -14.345999385722838 -14.269267780383542 -14.192705664420847 -14.11633634800072 -14.040185614416663 -13.964281946205977 -13.888656761475978 -13.813344657997222 -13.738383661662324 -13.663815474762643 -13.589685718190749 -13.516044160133136 -13.44294492208912 -13.370446651172184 -13.298612645681539 -13.227510918971356 -13.157214184832993 -13.087799746130294 -13.019349267529547 -12.951948413132317 -12.885686330975728 -12.820654969048578 -12.756948211995589 -12.694660834280716 -12.633887274343445 -12.574720245079789 -12.51724920839284 -12.46155875482577 -12.407726942302748 -12.35582365935031 -12.305909086272177 -12.258032331056617 -12.212230314057974 -12.168526966043926 -12.126932788187554 -12.0824111212102 -12.043083889097968 -12.006330541731508 -11.972048722308424 -11.939766725498806 -11.909426652693297 -11.879838286556025 -11.852553473146017 -11.827179880661843 -11.803225881424472 -11.780631457341855 -11.75967321331424 -11.739804215280195 -11.721372796772814 -11.703949844154446 -11.687732435149224 -11.672512238616859 -11.658194436396782 -11.64477074127897 -11.632168863169447 -11.62030064293953 -11.609112708557307 -11.598568753740452 -11.588585252328295 -11.579129326312996
-17.4 -17.316607340530293 -17.23977539201123 -17.162899929136373 -17.08598158550586 -17.00902103642362 -16.932019002852247 -16.85497625587805 -16.777893621748184 -16.700771987549157 -16.623612307604013 -16.546415610674636 -16.46918300806566 -16.391915702737673 -16.314614999549885 -16.237282316766155 -16.159919198973657 -16.08252733158026 -16.00510855707545 -15.927664893260035 -15.85019855367251 -15.772711970464519 -15.695207820004882 -15.6176890515207 -15.54015891911579 -15.462621017540478 -15.385079322123019 -15.307538233311131 -15.230002626312135 -15.15247790636143 -15.074970070190897 -14.997485774310183 -14.920032410753409 -14.842618190979936 -14.765252238647848 -14.687944692000041 -14.610706816611103 -14.533551129233969 -14.456491533452368 -14.379543467781202 -14.302724066753111 -14.226052335375046 -14.149549337120884 -14.073238395330666 -13.997145307497004 -13.921298571416708 -13.84572962155056 -13.770473073146887 -13.695566970725583 -13.621053036372608 -13.546976911950008 -13.473388387782604 -13.400341608653228 -13.327895246058185 -13.256112623705295 -13.185061781276035 -13.11481545966052 -13.045450989398404 -12.977050063160194 -12.909698373070256 -12.843485094830017 -12.77850220328511 -12.71484360860664 -12.652604108858721 -12.591878163492154 -12.532758503107813 -12.475334603253177 -12.419691063291339 -12.365905944402037 -12.314049132128549 -12.264180796990095 -12.216350029987941 -12.170593727094285 -12.126935787356325 -12.085386673223457 -12.040703965790437 -12.001342044413368 -11.964574222444114 -11.930295510848623 -11.898017067813894 -11.86768097645799 -11.838051448872745 -11.810746034746405 -11.785359492418433 -11.761383465306531 -11.738758721118703 -11.717776192457604 -11.6978701431176 -11.679406018616792 -11.661940580446117 -11.645681756821224 -11.630415771958297 -11.61604681367346 -11.60256892356408 -11.589909489081938 -11.57797930512656 -11.56672522081375 -11.556111706091905 -11.546054068431229 -11.536520129384144 -11.527458485618185 -11.518813453472001
-17.3 -17.116648760214535 -17.039821842674357 -16.962952021819685 -16.886040005436392 -16.809086552010505 -16.732092475770866 -16.65505865237268 -16.577986025299293 -16.50087561306863 -16.42372851734094 -16.346545932035497 -16.269329153576503 -16.192079592402234 -16.11479878588666 -16.037488412839817 -15.960150309771725 -15.882786489125275 -15.805399159705994 -15.727990749561286 -15.65056393158865 -15.57312165218156 -15.495667163253371 -15.418204058013357 -15.340736310905363 -15.263268322157607 -15.185804967432327 -15.108351653105116 -15.030914377745702 -14.953499800413244 -14.876115316418872 -14.79876914124418 -14.721470403334541 -14.644229246507129 -14.56705694272205 -14.48996601595549 -14.412970377880983 -14.336085476000846 -14.259328454765942 -14.182718330067301 -14.10627617726536 -14.030025332626806 -13.953991607648975 -13.878203515248838 -13.802692506158355 -13.727493213080276 -13.652643699199169 -13.578185706495212 -13.50416489796299 -13.430631086292879 -13.357638439842782 -13.28524565484703 -13.213516080839304 -13.142517784304825 -13.072323533763738 -13.003010688011509 -12.934660968343364 -12.86736009555688 -12.801197273684766 -12.73626450509683 -12.672655726138816 -12.610465759081578 -12.54978908492648 -12.490718452422646 -12.433343351078813 -12.377748389236327 -12.324011631298182 -12.272202959570766 -12.2223825342864 -12.17459942868597 -12.128890513300206 -12.085279654104696 -12.043777273186913 -11.998927604585706 -11.959529735082185 -11.922746914960456 -11.888471423517585 -11.856196662757975 -11.825864696888985 -11.79619252247089 -11.768865767304197 -11.743465810811282 -11.719466967878306 -11.696810822874776 -11.675803147212447 -11.655858736357665 -11.637360754848192 -11.6198513436875 -11.60354966392365 -11.588236306653068 -11.573814434542632 -11.560280501090402 -11.547561562815938 -11.535567336516767 -11.52424490372767 -11.51355954004836 -11.503425352237176 -11.493810888699308 -11.484664624613169 -11.47593049130538 -11.467578990877193 -11.459545461366675
-17.2 -16.916700900904427 -16.83988031606042 -16.763017596916807 -16.68611354459167 -16.609169022212924 -16.532184961326337 -16.455162369107864 -16.378102336476818 -16.30100604721774 -16.22387478823118 -16.1467099610475 -16.069513094753084 -15.992285860495212 -15.915030087750516 -15.837747782562564 -15.760441147976511 -15.683112606923572 -15.605764827834902 -15.528400753293699 -15.45102363206599 -15.373637054884375 -15.296244994395298 -15.218851849718577 -15.14146249610798 -15.064082340242882 -14.986717381722885 -14.909374281378632 -14.8320604370517 -14.754784067532416 -14.677554305374587 -14.600381299327172 -14.523276327131347 -14.446251919421966 -14.369321995439511 -14.292502011194522 -14.215809120622525 -14.139262350112821 -14.06288278657642 -13.986693778922717 -13.910721152424047 -13.834993434944238 -13.759542093371715 -13.684401777809619 -13.609610570115715 -13.535210232237219 -13.461246448439697 -13.387769053984039 -13.314832241074967 -13.24249473102286 -13.170819899590017 -13.099875840530096 -13.029735350515592 -12.960475817171584 -12.892178991034989 -12.824930622225938 -12.758819943776613 -12.693938986251343 -12.630381712823176 -12.56824297058146 -12.507617262622492 -12.448597356291259 -12.39127275537688 -12.335728077356427 -12.2820413898186 -12.230282571568345 -12.180511772030783 -12.132778045886939 -12.08711823713135 -12.043556177271306 -12.002102246337923 -11.957079531944217 -11.917644421963912 -11.880846066355065 -11.846573910340249 -11.814302963736019 -11.783975271185984 -11.754258925723311 -11.726910070095098 -11.701496223225435 -11.677473756500284 -11.65478510282193 -11.633751396390744 -11.613767281750174 -11.595234264502142 -11.577679357729734 -11.56133334689472 -11.54597099720714 -11.531494414610458 -11.517902549675323 -11.505122119520504 -11.493061730288915 -11.481668707725541 -11.470909163343547 -11.46069596850395 -11.450998426573387 -11.441764892077302 -11.432938904511229 -11.424491470645213 -11.416357010669746 -11.40851519962776 -11.400928583237691
-17.1 -16.716766536434207 -16.63995392250715 -16.563100142031825 -16.48620611352621 -16.409272831730764 -16.3323013757288 -16.25529291807519 -16.178248735053756 -16.101170218197435 -16.024058887220693 -15.94691640453057 -15.869744591501327 -15.792545446718291 -15.715321166419038 -15.638074167384657 -15.560807112560857 -15.48352293971787 -15.406224893489659 -15.328916561166924 -15.251601912654548 -15.17428534504241 -15.096971732278456 -15.01966648047427 -14.942375589415134 -14.86510572088801 -14.787864274480443 -14.710659471539417 -14.633500448009267 -14.556397356888807 -14.47936148105623 -14.402405357200806 -14.325542911567526 -14.248789608156622 -14.172162609915846 -14.095680953308596 -14.019365736422907 -13.94324032049025 -13.867330544292633 -13.791664950433113 -13.716275021808963 -13.64119542583837 -13.566464263031342 -13.492123315347413 -13.41821828843618 -13.344799040310917 -13.271919787274294 -13.199639276032718 -13.128020908964528 -13.057132807543976 -12.98704779710853 -12.917843294679772 -12.849601080649116 -12.782406935107046 -12.716350120754148 -12.651522697022388 -12.588018654569025 -12.525932865918785 -12.465359856812537 -12.406392413643214 -12.349120054802093 -12.293627407059043 -12.23999254114624 -12.188285332092278 -12.138565917977425 -12.090883334097704 -12.045274396781638 -12.001762901626082 -11.960359184854902 -11.915157176036306 -11.875683499851425 -11.8388690576957 -11.804600355321272 -11.772333358117704 -11.742010090497148 -11.712248011147842 -11.684876276661665 -11.659448051397337 -11.635401133042139 -11.612678835926884 -11.59161819377962 -11.571593001395918 -11.553023742335887 -11.53542178268226 -11.519029933011424 -11.50361693567207 -11.489083807897353 -11.475432084559484 -11.462588134936777 -11.450459421580907 -11.43899352677287 -11.42815742904113 -11.417862729368782 -11.408079515007811 -11.398756021012886 -11.389835388497849 -11.381289149947266 -11.37305078651035 -11.36510060683185 -11.357401044024387 -11.349923857333705 -11.342631616127367
-17.0 -16.516849157622982 -16.440046576148532 -16.36320404584894 -16.286322632884065 -16.209403497488744 -16.132447904238482 -16.055457233577766 -15.978432994760452 -15.901376840368693 -15.824290582595493 -15.747176211496557 -15.670035915439659 -15.59287210400441 -15.515687433612293 -15.438484836196004 -15.361267551248782 -15.284039161628334 -15.206803633526151 -15.129565361051265 -15.052329215917553 -14.975100602764904 -14.897885520686483 -14.820690631575648 -14.743523335945685 -14.666391856911561 -14.589305333052916 -14.512273920898634 -14.435308907781572 -14.358422835802637 -14.281629637610289 -14.204944784637382 -14.128385448333125 -14.051970674772976 -13.975721572811116 -13.899661515643915 -13.823816355262133 -13.748214648765938 -13.672887894880672 -13.59787077822258 -13.523201417902994 -13.448921615910981 -13.375077099367221 -13.301717749195515 -13.22889780602627 -13.156676042263175 -13.085115887271991 -13.014285490686495 -12.94425770701136 -12.875109983224078 -12.806924130178698 -12.739785958581825 -12.67378476147183 -12.609012627823981 -12.545563576440847 -12.483532505904632 -12.423013965155901 -12.364100760092487 -12.306882424032722 -12.251443593196615 -12.197862341413579 -12.146208539651363 -12.096542314091115 -12.048912679793728 -12.003356424257332 -11.959897305681057 -11.918545614674228 -11.873157899121265 -11.833644297835505 -11.796813204449155 -11.762548076841949 -11.730285167624194 -11.699966480294524 -11.670157065901178 -11.642761655367378 -11.617318552007031 -11.593246334540302 -11.570489232659753 -11.549400728963562 -11.529333053682613 -11.51072631986632 -11.493075716083995 -11.476636487692582 -11.461171153095577 -11.446579608455288 -11.43286606220263 -11.41995652738533 -11.407757289685064 -11.396216200792995 -11.385301138189787 -11.37492239725602 -11.365050878864315 -11.355634700146144 -11.346616597580423 -11.337968651063017 -11.32962338169716 -11.32156175715087 -11.313746101754074 -11.30614829573336 -11.298730595502958 -11.291465550214104 -11.284332029144187
-16.9 -16.316953157201077 -16.240163202133218 -16.16333483030669 -16.08646929350477 -16.009567959997035 -15.932632327489545 -15.855664037653465 -15.77866489241734 -15.70163687222873 -15.624582156513586 -15.547503146586285 -15.470402491290383 -15.393283115679184 -15.316148253076982 -15.239001480895695 -15.16184676061784 -15.084688482395068 -15.007531514751493 -14.930381259922353 -14.853243715400335 -14.776125542303339 -14.699034141217007 -14.621977736201373 -14.544965467681012 -14.468007494959146 -14.391115109104419 -14.314300856949593 -14.237578676908246 -14.160964047251383 -14.08447414738155 -14.008128032487084 -13.931946821740715 -13.85595389991042 -13.780175131859451 -13.704639088908621 -13.629377285397414 -13.554424422991355 -13.479818639321993 -13.405601756396743 -13.331819522868033 -13.258521842704095 -13.185762981071047 -13.113601736351798 -13.042101565254317 -12.971330645997037 -12.901361862743176 -12.832272692977556 -12.764144978619882 -12.697064561636322 -12.631120766072646 -12.566405711125515 -12.503013444408149 -12.441038891187747 -12.380576624165542 -12.321719469206576 -12.264556974884961 -12.209173787029204 -12.155647982516642 -12.104049427961039 -12.054438237074507 -12.006863403808625 -11.961361685632953 -11.91795680181706 -11.876658995492312 -11.831078998010915 -11.79152407987328 -11.754675757093999 -11.720414328263406 -11.688155648920441 -11.657841700954176 -11.627983312485895 -11.600563410168004 -11.575104917490254 -11.551006534079786 -11.528213439972843 -11.507096128381603 -11.486984534462902 -11.46833906665577 -11.450638194330544 -11.43415001606537 -11.418630621243581 -11.40397875226516 -11.390201382368266 -11.377224160051135 -11.364952160549969 -11.353333518401422 -11.342337042802516 -11.331871688117458 -11.321909199379155 -11.31239757772775 -11.30327914908043 -11.294526563086222 -11.286071360035617 -11.277895192726847 -11.26996028100857 -11.262238636990519 -11.25469220384955 -11.247293486135456 -11.240021433877917 -11.232846864556468 -11.225761245208082
-16.8 -16.117084062198604 -16.04030999696892 -15.963499442223828 -15.886653883042083 -15.809774949102353 -15.732864430987057 -15.6559242984557 -15.578956720916096 -15.501964090346588 -15.424949046949376 -15.34791450784421 -15.270863699143433 -15.193800191783227 -15.116727941522168 -15.039651333556472 -14.962575232241319 -14.88550503644895 -14.808446741136112 -14.731407005734702 -14.6543932300192 -14.577413638140364 -14.500477371544726 -14.423594591520539 -14.34677659211894 -14.27003592418968 -14.193386531237527 -14.116843897741246 -14.040425210472545 -13.964149533197435 -13.888037994923819 -13.812113991562601 -13.736403400478522 -13.660934806902652 -13.585739740541786 -13.510852919930318 -13.436312501108741 -13.362160326063144 -13.288442165011745 -13.21520794507665 -13.142511956145473 -13.070413022842612 -12.998974629556015 -12.9282649834997 -12.858356998975474 -12.789328184518569 -12.72126041371197 -12.654239560422317 -12.588354980372477 -12.523698823661102 -12.460365167381784 -12.398448964119973 -12.338044810904892 -12.279245554037129 -12.222140757679943 -12.166815077430709 -12.113346593163381 -12.061805166837146 -12.012250899110724 -11.9647327619293 -11.919287481502996 -11.87593873659629 -11.834696720943658 -11.78891770474406 -11.749320045574855 -11.712453901954456 -11.678196298750324 -11.645941994427293 -11.615632948555294 -11.58572390968492 -11.55827868161459 -11.532804277084766 -11.50867884191469 -11.485848542524042 -11.464701456633831 -11.444544478488723 -11.425858991860201 -11.408106194371568 -11.391567464809276 -11.375992254607405 -11.361278119427615 -11.347434890510154 -11.33438784357877 -11.32204080960098 -11.310342219967072 -11.299261849170717 -11.28870727501487 -11.278651118026263 -11.269041265688116 -11.259819627784575 -11.25095944669561 -11.242391261420197 -11.234097436661187 -11.22604009257635 -11.218191384576729 -11.210512942811063 -11.20297723510393 -11.19556330354643 -11.188241695696567 -11.181004234324712 -11.175242382256164 -11.171741851064342
-16.7 -15.917248825840684 -15.840494755440814 -15.763706619383592 -15.686886195831367 -15.610035442780278 -15.533156518545296 -15.456251804696572 -15.379323931727319 -15.302375807762605 -15.225410650650193 -15.1484320238084 -15.071443876242274 -14.994450587177573 -14.917457015802183 -14.840468556645776 -14.763491201170476 -14.68653160618662 -14.609597169747307 -14.532696115211435 -14.455837584194946 -14.379031739151 -14.302289876328048 -14.225624549845191 -14.149049707590999 -14.07258083958757 -13.996235139357227 -13.92003167867391 -13.843991595862784 -13.768138297514737 -13.692497673091141 -13.61709832138975 -13.54197178720552 -13.46715280573009 -13.392679551271716 -13.318593885727152 -13.244941600887923 -13.1717726471149 -13.099141339180672 -13.027106528193539 -12.955731726541968 -12.885085170832047 -12.815239805972684 -12.74627317208406 -12.678267175004517 -12.611307721139443 -12.545484198558677 -12.48088878894607 -12.41761559955002 -12.355759610913704 -12.29541544496864 -12.236675968926164 -12.179630762877707 -12.124364492353076 -12.07095524017088 -12.019472863329097 -11.969977448835754 -11.922517945711148 -11.877131047643763 -11.833840391274975 -11.792656118968871 -11.746671187486308 -11.707029331222573 -11.670144762269985 -11.63589111432969 -11.603641333367888 -11.573337355912763 -11.543375953737929 -11.515904548102586 -11.490413698125403 -11.466260306841754 -11.443391564159226 -11.422213718051523 -11.402009861116218 -11.383283046053942 -11.36547663569212 -11.348885724291057 -11.33325291270945 -11.31847453666027 -11.304563380473068 -11.291444338989681 -11.279019964890528 -11.26723900101077 -11.25607222152241 -11.245425792052975 -11.235273240736293 -11.225562344152937 -11.216234590767094 -11.20726383929072 -11.19857960729149 -11.190164998796385 -11.181982039560035 -11.174003040223402 -11.166189318622576 -11.158513314260956 -11.15095417310631 -11.143482176567561 -11.136089521606717 -11.1301510588581 -11.126440905370535 -11.121542451678794 -11.116173435250838
-16.6 -15.71745619397025 -15.64072728085534 -15.563967349744484 -15.487178546792828 -15.410363242094842 -15.333524055368763 -15.256663884682576 -15.179785938562718 -15.102893771860662 -15.025991325788837 -14.949082972575521 -14.872173565228506 -14.795268492938577 -14.718373742695672 -14.641495967732064 -14.564642563446428 -14.48782175149866 -14.411042672795347 -14.334315490106809 -14.257651501064723 -14.181063262279888 -14.104564725286277 -14.02817138495319 -13.951900440902687 -13.875770972314214 -13.799804126279428 -13.724023319573408 -13.64845445331671 -13.57312613949807 -13.498069937690039 -13.423320599499375 -13.348916317331605 -13.27489897289823 -13.201314379545346 -13.128212510933144 -13.055647706860487 -12.983678845142137 -12.91236946647038 -12.841787837225363 -12.772006933380021 -12.703104327165438 -12.635161957261865 -12.568265763249183 -12.502505166214403 -12.437972380112733 -12.374761543026983 -12.312967664104375 -12.252685390760847 -12.194007611601577 -12.13702392299206 -12.081819000562707 -12.02847093002572 -11.977049563106924 -11.92761497255518 -11.880216083527765 -11.834889555899734 -11.791658982530443 -11.750534452386804 -11.704336551669718 -11.66464901103744 -11.62774539951497 -11.593495839199024 -11.561250733062794 -11.530951993857647 -11.500936479774111 -11.47343802738142 -11.447930187602136 -11.423747917841236 -11.40083946966774 -11.37962985854492 -11.35937760029505 -11.340608123344543 -11.322746382591353 -11.306101631003767 -11.29040940271997 -11.275564780113443 -11.261583597519374 -11.248390360932358 -11.235886310588207 -11.224020515949977 -11.212764786032512 -11.202023838669506 -11.191772142476717 -11.181957366322559 -11.172520572577145 -11.1634362604924 -11.15463290645557 -11.146094381855413 -11.137782623834516 -11.129670110694017 -11.12171784918945 -11.113898259428538 -11.106190603560094 -11.098564901161152 -11.09101374223434 -11.084895040785872 -11.080971150917112 -11.075866326779797 -11.070290359333098 -11.064682476685936 -11.058731381555098
-16.5 -15.517717164683539 -15.44101989941561 -15.364295446924517 -15.287546415095315 -15.210775690881219 -15.133986472432307 -15.05718230498305 -14.980367120910167 -14.9035452844107 -14.826721641290256 -14.749901574392585 -14.673091065243687 -14.59629676252484 -14.519526058028688 -14.442787170788447 -14.366089240100267 -14.289442428179834 -14.212858033202432 -14.136348613466001 -14.059928123383495 -13.983612061946218 -13.907417634195271 -13.83136392608272 -13.755472092885114 -13.679765561034912 -13.604270242843429 -13.529014763083978 -13.45403069576593 -13.379352808639593 -13.305019312008836 -13.231072107276805 -13.157557029299776 -13.084524075073936 -13.012027609543864 -12.940126537433805 -12.868884428026096 -12.7983695778426 -12.728654994365765 -12.659818282455104 -12.591941414213991 -12.525110363030269 -12.459414583679004 -12.394946323076354 -12.331799750824953 -12.270069905330054 -12.209851460082962 -12.151237325574911 -12.094317114799665 -12.039175513662663 -11.985890610721398 -11.934532252116263 -11.885160495719411 -11.8378242418695 -11.792560115308845 -11.749391663416915 -11.708328919685126 -11.661910841386577 -11.622176098706854 -11.585252814982706 -11.55100747729828 -11.518767200488082 -11.48847387277981 -11.45840246351532 -11.430876078338516 -11.405350693995107 -11.38113860599895 -11.358189166824687 -11.336946767742175 -11.316644558855321 -11.29783106379077 -11.279912246771154 -11.263211970322018 -11.247458482396674 -11.232545578515484 -11.21849224169177 -11.205222581274967 -11.192636490819224 -11.180683382197254 -11.169336135191342 -11.158497984287052 -11.148144372196096 -11.138222863716427 -11.128674090790557 -11.119473218005039 -11.110547661260261 -11.101882087930832 -11.093438352844995 -11.085189114883576 -11.077095071477947 -11.069128632777096 -11.06126918988322 -11.053486505397304 -11.04577358155784 -11.03947107817171 -11.035329425989454 -11.030014549373384 -11.02422814062958 -11.018403745573883 -11.012233370878755 -11.0060371417282 -11.00044982565431
-16.4 -15.31804556434742 -15.241388104477531 -15.164708270541782 -15.088009249266705 -15.011294575224378 -14.934568170914533 -14.857834391468167 -14.781098074462715 -14.704364595380241 -14.627639929281942 -14.550930719313605 -14.474244352696383 -14.39758904489306 -14.320973932670126 -14.244409176796866 -14.16790607513078 -14.091477186829096 -14.015136468392582 -13.938899422183416 -13.862783257954073 -13.786807067768564 -13.710992014478311 -13.635361533617514 -13.559941548190846 -13.484760695320855 -13.409850563084335 -13.33524593507552 -13.26098503927044 -13.187109796614658 -13.113666063405457 -13.040703859988566 -12.968277576552493 -12.896446144914943 -12.82527316321793 -12.754826958478748 -12.685180570123757 -12.616411636150364 -12.548602162661302 -12.481838157484036 -12.41620910975381 -12.351807300041415 -12.28872693016135 -12.227063068439564 -12.166910415043736 -12.108361902853915 -12.051507161856348 -11.996430888414098 -11.943211173886526 -11.891917858515308 -11.842610984671735 -11.795339426905267 -11.750139773481182 -11.707035524564647 -11.666036656043861 -11.619391041051617 -11.579607549187863 -11.542663951647768 -11.508422974159508 -11.476187684110478 -11.445899944446795 -11.415770823263562 -11.388215603071579 -11.362672109400293 -11.338429246722972 -11.31543750873326 -11.294161281432526 -11.273807547104896 -11.25494865613612 -11.236970990246686 -11.220213479584945 -11.204396863357914 -11.18941361665778 -11.175285971521443 -11.161937633048678 -11.14926711385836 -11.137224184618258 -11.12578283253577 -11.114844773329514 -11.104386458133485 -11.094355351781623 -11.08469165192276 -11.075371213834988 -11.066320374120261 -11.057524625312816 -11.048945746731139 -11.040556591228441 -11.03231754919731 -11.024201030762422 -11.016186569194229 -11.008243675502213 -11.000365783652827 -10.993875989408203 -10.989512648327889 -10.983984144059368 -10.97798392105903 -10.971939761161824 -10.965547037748689 -10.95912192857968 -10.953289528341532 -10.946615948455305 -10.938480338265602
-16.3 -15.118458768607892 -15.04185136240197 -14.965227626516429 -14.888591472540634 -14.811947245509582 -14.735299773748503 -14.658654424362178 -14.582017164942457 -14.505394632108851 -14.428794207536708 -14.352224102163422 -14.275693449293136 -14.199212407341335 -14.122792272968821 -14.046445605344879 -13.970186362245956 -13.894030048631548 -13.817993878234125 -13.742096948544233 -13.666360429352546 -13.59080776471316 -13.515464887800054 -13.440360447622897 -13.365526045929835 -13.290996481833076 -13.216810000728952 -13.14300854293142 -13.06963798608602 -12.996748373879466 -12.924394121822113 -12.852634188990844 -12.781532202641067 -12.711156520625902 -12.641580214739529 -12.57288095661922 -12.505140786938968 -12.438445748596335 -12.372885365760846 -12.30855195335658 -12.245539746109609 -12.183943842939136 -12.123858971301718 -12.065378086981228 -12.008590837332555 -11.953581929369342 -11.90042945721673 -11.849203254907033 -11.799963348682736 -11.752758586321491 -11.707625518245198 -11.66458759563659 -11.623654734606218 -11.576774077346457 -11.536940260799478 -11.499975696320224 -11.465739219047768 -11.43350907601307 -11.403227104112514 -11.373038422186049 -11.345453449262145 -11.319891271958788 -11.295616662267774 -11.272581296479588 -11.251270184325906 -11.230863325748816 -11.211957640869223 -11.193919328589546 -11.17710285151698 -11.16122121469896 -11.146165539228008 -11.131961408089222 -11.118532114748193 -11.105774756684635 -11.093639480353099 -11.0821014177452 -11.071060730603536 -11.060494913491427 -11.050351335861775 -11.040569757696803 -11.031126750856535 -11.021947554379723 -11.013018515641793 -11.004301345760142 -10.995769105406158 -10.98738188074957 -10.97911209230469 -10.970939429137816 -10.962833156566214 -10.954787160019105 -10.948106669958072 -10.943517824000457 -10.937772234385266 -10.93155495183041 -10.925287915727944 -10.91866992665446 -10.912013177155279 -10.905933009119657 -10.899017340935783 -10.890658415064326 -10.883512488220143 -10.875318459513723
-16.2 -14.918978603528297 -14.842434118829525 -14.765880890150418 -14.68932373554793 -14.612768012738957 -14.536219680843542 -14.459685368963381 -14.383172452250273 -14.306689136155235 -14.230244549578892 -14.15384884766475 -14.07751332498501 -14.001250539858793 -13.925074450509243 -13.84900056370108 -13.773046096395413 -13.69723015080259 -13.621573902994527 -13.546100804940126 -13.47083679943477 -13.395810546888878 -13.32105366230151 -13.24660095995266 -13.172490702383312 -13.098764849078721 -13.02546929891787 -12.952654118899169 -12.880373749913616 -12.808687178445828 -12.737658061103382 -12.667354786903203 -12.597850460421533 -12.52922278743082 -12.461553843744673 -12.394929707960957 -12.32943993996051 -12.265176889725419 -12.20223482560194 -12.140708877786448 -12.080693801650057 -12.022282576409657 -11.965564867179088 -11.910625391828413 -11.857542247222556 -11.806385260879505 -11.757214442284418 -11.710078611451873 -11.665014279575388 -11.622044847056811 -11.581180168011082 -11.534056821459677 -11.494171077617176 -11.457184882104697 -11.422953047406319 -11.39072821432465 -11.360452192928836 -11.330202070910484 -11.302586412862919 -11.277004968601997 -11.25269762457785 -11.229617282111782 -11.208270213140324 -11.187808609141687 -11.16885471362143 -11.150753934513249 -11.13387673799541 -11.117928166959432 -11.10279795499877 -11.088515139445732 -11.075002594994213 -11.06215596990003 -11.049925804002749 -11.038288412102334 -11.027142367042934 -11.016466242468384 -11.00620731751988 -10.996304911657539 -10.986736339713875 -10.977425725497874 -10.968360301368318 -10.95950171804805 -10.950823258301439 -10.942284707420018 -10.933858507179107 -10.925524516446938 -10.917251761244628 -10.909034598382812 -10.902160101219732 -10.89734205627233 -10.891376051646667 -10.884938602103583 -10.878445729555814 -10.871599719759681 -10.864708744895532 -10.858378321916527 -10.851218412251445 -10.842634426803432 -10.835235631172738 -10.826800156757946 -10.818150945937864 -10.808472197644058
-16.1 -14.719632469714508 -14.64316705253109 -14.566702403728337 -14.490244472960113 -14.413799880823886 -14.337375994972438 -14.260981014408918 -14.184624062686122 -14.108315290751749 -14.032065990189455 -13.955888717595734 -13.879797430799098 -13.80380763756319 -13.727936557310423 -13.65220329624677 -13.57662903604861 -13.501237235974685 -13.426053847873142 -13.351107543047455 -13.276429949305458 -13.202055895723008 -13.128023661688527 -13.054375225640445 -12.981156507556168 -12.908417597697461 -12.836212962377168 -12.764601615620396 -12.693647243611988 -12.623418266849383 -12.553987823096588 -12.485433652750915 -12.417837867331512 -12.351286581767551 -12.285869392332366 -12.221678684778128 -12.158808761790302 -12.097354785539387 -12.037411539951833 -11.979072028223145 -11.922425933633097 -11.86755798512968 -11.814546282304836 -11.763460645866335 -11.714361067916588 -11.667296339710964 -11.6223029318149 -11.579404192024462 -11.538609910201227 -11.491236091635377 -11.451296792182044 -11.414288291176513 -11.38006124361839 -11.347841885965027 -11.317572000672465 -11.287258530442486 -11.259611241110449 -11.23400993812416 -11.209668858461924 -11.186542171953779 -11.165158060027263 -11.144640068882621 -11.125636528910677 -11.10747144180923 -11.090531754172146 -11.07451431644837 -11.05930744137693 -11.044943725394656 -11.03134561756054 -11.018407283013335 -11.00607967317988 -10.994340324316187 -10.983086185811457 -10.972296946643667 -10.961919801205628 -10.951893626119876 -10.942196506044132 -10.932751432539813 -10.9235465534992 -10.914543467545279 -10.90571569421097 -10.897022721777686 -10.888437024584249 -10.87993864564685 -10.87149637856123 -10.863105071558627 -10.856033359402378 -10.850982554422625 -10.844792943573522 -10.83813236747354 -10.831410859138858 -10.824334244752183 -10.817206643695043 -10.81062368387968 -10.803217587345278 -10.794406995633214 -10.78675387432642 -10.778075840084947 -10.769182599639484 -10.759275676876241 -10.749560896205264 -10.73843938848771
-16.0 -14.520454741219917 -14.444088633495763 -14.36773521040808 -14.29140183114337 -14.215096687300756 -14.138828896143405 -14.062608603499184 -13.986447097060516 -13.91035693082361 -13.834352061373584 -13.758447996657114 -13.682661957779104 -13.607013054203696 -13.531522472520177 -13.456213678636036 -13.381112632866351 -13.306248016881897 -13.23165147083852 -13.157357838217079 -13.083405414937298 -13.009836198154026 -12.93669612879007 -12.864035320305135 -12.791908264459378 -12.720374002937037 -12.649496251713186 -12.57934346307268 -12.50998880836579 -12.441510063100123 -12.37398937506514 -12.307512896154513 -12.242170259720812 -12.178053888007316 -12.11525811876983 -12.053878146864907 -11.994008785432424 -11.935743062210985 -11.879170679072745 -11.824376376283984 -11.771438256167597 -11.720426132338146 -11.671399978897043 -11.624408557343799 -11.579488296205788 -11.536662488826437 -11.4959408585208 -11.448308656042048 -11.408314148535908 -11.37128265788613 -11.337060544096738 -11.304846829717574 -11.274583268798429 -11.244204515415815 -11.21652463587357 -11.190902874592393 -11.166527045107522 -11.143352630263296 -11.121930376343931 -11.101354337760863 -11.082299704239004 -11.064068449639931 -11.047064482955275 -11.03097622993144 -11.015690549316904 -11.001243702640929 -10.987557706766118 -10.974525210087787 -10.962097594420815 -10.950253656701944 -10.938888688756228 -10.92798353170477 -10.917485301254557 -10.907332429435705 -10.897503798003191 -10.887921249951162 -10.878573879605439 -10.869423242258632 -10.860443109256098 -10.851592676251665 -10.84284446185079 -10.834178707860655 -10.825563982771023 -10.81699564632599 -10.809723624361915 -10.8044366424574 -10.798020382849382 -10.791133878224203 -10.784181105090006 -10.776871482335746 -10.769505046895599 -10.762667481764717 -10.755013467839127 -10.745974926078944 -10.738066254840513 -10.729144772440833 -10.720006883341922 -10.70987145613649 -10.699917932880957 -10.688584459228146 -10.677776403524328 -10.665779595757792
-15.9 -14.321488501059706 -14.245247052380371 -14.169033196920132 -14.092856044719138 -14.01672573556697 -13.940653552364957 -13.864652045631582 -13.788735169857539 -13.712918432352089 -13.637219055117084 -13.561656150128737 -13.486250908187206 -13.411026801195659 -13.336009797336944 -13.26122858810899 -13.1867148255397 -13.112503367108337 -13.03863252493382 -12.96514431463478 -12.892084697910926 -12.819503811339809 -12.74745617214075 -12.676000849763634 -12.605201590176465 -12.535126877750331 -12.465849917814738 -12.397448521470329 -12.330004873342101 -12.263605162925211 -12.19833906134546 -12.134299028068984 -12.071579436667164 -12.010275515411712 -11.950482107333801 -11.892292265301268 -11.835795710227714 -11.781077193960382 -11.728214821577657 -11.677278399335009 -11.62832788272636 -11.581412002503008 -11.536567143739036 -11.493816543461476 -11.453169856115313 -11.405271235972858 -11.365219845593018 -11.328164672202098 -11.293947640711302 -11.261739739639399 -11.231482693830632 -11.201036697685174 -11.173323257346896 -11.147680431103284 -11.123268825944574 -11.100045283241853 -11.078583776779814 -11.05794801405872 -11.03884082454964 -11.020541527193782 -11.003471479854193 -10.987310449682909 -10.971943808599146 -10.957411590303565 -10.94363537323004 -10.930506255748536 -10.917976069452664 -10.906024911709558 -10.894546383201346 -10.883522514504065 -10.872900349203233 -10.862617873560803 -10.85265479407264 -10.842931789591809 -10.833438932064059 -10.824137742678733 -10.815002259969143 -10.805991391845904 -10.797077713250156 -10.788241679673037 -10.779451642236321 -10.77070349227095 -10.763228188347073 -10.75770176766623 -10.75105597540981 -10.743940907297638 -10.736754419702711 -10.729209573310875 -10.72160229580753 -10.714508277791513 -10.706604837180782 -10.69733720948875 -10.689172001292983 -10.68000641155097 -10.670623487205368 -10.660259443814258 -10.650067318061064 -10.638522222464232 -10.62748523236987 -10.615284211668762 -10.603007321746167 -10.589685864089915
-15.8 -14.122787685924749 -14.046702599293935 -13.970663728255202 -13.894682350027585 -13.818771010780289 -13.7429436620618 -13.66721580972425 -13.5916046758793 -13.516129374265324 -13.440811099185593 -13.365673327878342 -13.290742035785954 -13.216045923682982 -13.141616654981998 -13.06748910074188 -12.99370158893601 -12.92029615338136 -12.847318776373468 -12.774819617515577 -12.702853219486924 -12.631478679599761 -12.560759774009576 -12.490765019466462 -12.421567655668529 -12.353245529791383 -12.285880863863088 -12.219559885622909 -12.15437230467307 -12.090410618447107 -12.027769237093544 -11.966543423047996 -11.906828049933317 -11.848716196357454 -11.792297602750564 -11.737657032829713 -11.68487259447816 -11.634014086348191 -11.585141444736538 -11.538303368663602 -11.49353619833528 -11.450863112587308 -11.41029369464634 -11.362120509387044 -11.322010540857246 -11.284930983501283 -11.250719184563781 -11.218517268817987 -11.188266931098413 -11.157751710269615 -11.130003728097002 -11.104339223893435 -11.079890806864865 -11.056616723403 -11.035114843843076 -11.014417666216412 -10.995256447047408 -10.976887218704714 -10.95974927818981 -10.943513498902485 -10.928063733472403 -10.91344389579007 -10.899575119984599 -10.886346921543154 -10.873711601806596 -10.861650598789687 -10.850055789067763 -10.838910430428248 -10.828161501401134 -10.817746541899474 -10.807646111122573 -10.797779709000384 -10.788138416502337 -10.778683730378239 -10.769389972015643 -10.760215766951754 -10.751133758859579 -10.742124632006044 -10.733156528267617 -10.724225890543075 -10.716544464603361 -10.710775508968602 -10.703897468465716 -10.696551377924617 -10.689128914110384 -10.681346825193563 -10.673496905711058 -10.666144814923902 -10.657990665165633 -10.648493027817043 -10.640070536597532 -10.63066041198214 -10.621032299706505 -10.610439747042621 -10.600009386677696 -10.588253214133843 -10.576988110392303 -10.564583811303475 -10.552100807475506 -10.538596712164468 -10.525409033646694 -10.510872419576712
-15.7 -13.924419723359813 -13.8485305800039 -13.772710866579004 -13.696974530852602 -13.6213370764063 -13.545815724678206 -13.470429590420396 -13.395199870730703 -13.320150047519082 -13.245306102874704 -13.17069674629218 -13.096353652074047 -13.02231170443172 -12.948609246839288 -12.875288331037295 -12.802394959726644 -12.729979315435086 -12.658095966294207 -12.58680403756814 -12.516167335788769 -12.446254410374225 -12.377138535779194 -12.308897595737514 -12.241613850252236 -12.175373565957157 -12.110266491645495 -12.046385163477831 -11.983824028960226 -11.922678385463312 -11.86304313792755 -11.805011391339999 -11.748672906152295 -11.694112458270585 -11.64140815846188 -11.59062979755813 -11.54183729209149 -11.495079308384385 -11.450392140366182 -11.407798906801641 -11.367309117332548 -11.318853114800875 -11.27868285449253 -11.241578204713704 -11.207371790116515 -11.175176033481838 -11.144932598826713 -11.114346151653198 -11.086562637467448 -11.060875836809691 -11.036389562802547 -11.0130635143032 -10.99152013271058 -10.970759837861566 -10.951543106384218 -10.933102048836716 -10.915894394669033 -10.89958188749487 -10.884046828655908 -10.869337121026781 -10.85537344893886 -10.842043712645408 -10.829300703765242 -10.817127241582508 -10.80541344630232 -10.794143841060745 -10.783265346896489 -10.772715057401244 -10.762474412701549 -10.752461719857681 -10.74266910040957 -10.733058036742948 -10.723603149011685 -10.714262786214688 -10.705009673437393 -10.695824738958375 -10.686675923878717 -10.677560242475257 -10.669669995781408 -10.663655584995988 -10.656542758197554 -10.648963370863525 -10.641302864993035 -10.633281718323436 -10.62518757129256 -10.617576021532376 -10.60917011179763 -10.59944175671357 -10.590761480196555 -10.581106626460365 -10.5712334080648 -10.560412671288773 -10.549744670593242 -10.537778165032284 -10.526285980909938 -10.513679524609675 -10.50099173624685 -10.487306343037911 -10.473926245438367 -10.459229872209384 -10.445086831917163 -10.429460845199934
-15.6 -13.726468753741752 -13.650824865024443 -13.57527927146458 -13.49984919305277 -13.424553744813199 -13.349414125934251 -13.274453822336561 -13.199698822143688 -13.125177843012345 -13.050922569637445 -12.97696789895175 -12.903352189571306 -12.830117510879825 -12.757309885787263 -12.68497951963897 -12.61318100600611 -12.541973498189945 -12.471420833284732 -12.401591593664557 -12.332559088929758 -12.264401239859412 -12.197200345010272 -12.131042710571245 -12.066018125254942 -12.002219164726322 -11.93974031465094 -11.878676908130927 -11.819123882179126 -11.76117436883249 -11.70491814910301 -11.650440011440107 -11.597818069608023 -11.547122106433672 -11.498412018145672 -11.451736437423449 -11.407131610524905 -11.364620594266441 -11.324212822327327 -11.27546565553499 -11.23523337375245 -11.198102916827503 -11.163902039681302 -11.131712617470793 -11.10147628258564 -11.07081659044759 -11.042996546346714 -11.017286826142842 -10.992761642678854 -10.969382195637543 -10.947796176442996 -10.926971053203692 -10.907697320208953 -10.889182528431334 -10.871903335320104 -10.855512118206972 -10.839889595694745 -10.825087769036463 -10.81102686768197 -10.797593144889372 -10.784739903628813 -10.7724513854115 -10.760615922595377 -10.74921934211366 -10.738208515569843 -10.727520090880352 -10.717136417521452 -10.706974596613769 -10.69702782187816 -10.687257571794701 -10.677638781392528 -10.668129529408835 -10.65870263525991 -10.649339286557606 -10.640007232403912 -10.630704078013073 -10.622602462095593 -10.61633986185546 -10.608989897067136 -10.601175131195895 -10.593274720781924 -10.585012911415486 -10.57667317147416 -10.568801015403466 -10.560142530459055 -10.550182967893488 -10.5412446495123 -10.531345106433783 -10.521227097909094 -10.510178719188097 -10.499273896577373 -10.487097998045643 -10.47537997544525 -10.462572665555268 -10.449681603123276 -10.43581640853683 -10.422245643604612 -10.40739109334898 -10.393073729431116 -10.377310665169567 -10.36189301390049 -10.345368789655192
-15.5 -13.529039534255755 -13.453702168341596 -13.378498874952287 -13.30345085467273 -13.228581596780874 -13.153917094827733 -13.079486074077677 -13.005320229122232 -12.931454469184704 -12.857927167663583 -12.784780411303789 -12.712060243025984 -12.639816890884086 -12.568104973874252 -12.496983673419054 -12.426516857361229 -12.356773141320485 -12.287825870435741 -12.21975300302474 -12.152636876786062 -12.086563838137115 -12.021623716454819 -11.95790912770632 -11.895514596543208 -11.83453549262421 -11.775066785821751 -11.717201635929241 -11.661029845096225 -11.606636214709502 -11.554098861684057 -11.503487560695602 -11.45486218716519 -11.408271339213393 -11.36375121405258 -11.321324804683519 -11.281001466442154 -11.23195470432308 -11.191658657772935 -11.154501673757611 -11.120306488271805 -11.088123577069794 -11.057894540103334 -11.027159570419261 -10.999301992301074 -10.973568725826384 -10.949003574711917 -10.925569288700245 -10.903939491564133 -10.883047822791521 -10.863715595078508 -10.845125160613433 -10.827772601782568 -10.811300693114957 -10.795588539658622 -10.780692350851403 -10.766531896612314 -10.752991752117586 -10.740025753281241 -10.727619605060854 -10.715659821362951 -10.704133571602368 -10.692987686485495 -10.682158369525308 -10.671628908101612 -10.661315185240232 -10.651211498432652 -10.641279333062071 -10.631493955286002 -10.62181318027058 -10.612209934869206 -10.60266568137307 -10.593147985923816 -10.583655063899554 -10.575339689178739 -10.568826360521316 -10.561237100695035 -10.553185074629019 -10.545043107315884 -10.536539246513025 -10.527952773599132 -10.519819107064183 -10.510907470363797 -10.500716430769346 -10.491520060644493 -10.481376101875933 -10.471013852187156 -10.459738588631295 -10.448597983555343 -10.436213824677957 -10.424271409502428 -10.411264727268993 -10.398172076801469 -10.384128728707262 -10.370369204211983 -10.355358184691081 -10.340868510470452 -10.324970048362532 -10.309407077704876 -10.292768005771599 -10.276420913722166 -10.258984956007922
-15.4 -13.332262118492952 -13.25730714246096 -13.182530406410446 -13.107957908723783 -13.03361838172723 -12.959543529419921 -12.885768272890036 -12.812330999962763 -12.739273814465014 -12.666642779131864 -12.594488144618524 -12.522864555333431 -12.451831220907051 -12.381452040120108 -12.311795662132502 -12.242935468021539 -12.174949454146391 -12.107919997947873 -12.041933486760941 -11.977079791391207 -11.913451568929352 -11.851143383867349 -11.790250643277732 -11.73086835071598 -11.673089694478527 -11.617004498472788 -11.562697577462195 -11.510247051711913 -11.459722687645263 -11.411184339413762 -11.364680569700047 -11.32024752532594 -11.277908133627887 -11.23767166922331 -11.18831680828492 -11.147955242729987 -11.110771007579558 -11.07658166882106 -11.044405446207756 -11.01418390644389 -10.983371615881685 -10.95547549507216 -10.92971805299963 -10.905111872090181 -10.88162130220738 -10.859946584001074 -10.83898664962843 -10.819594432724015 -10.800926447247594 -10.783498697942747 -10.76694412045023 -10.751140176171205 -10.736147392747018 -10.721885076375273 -10.708236093823661 -10.695154836034135 -10.682628512811695 -10.67054178996577 -10.658883218232358 -10.647599596427627 -10.636626685562433 -10.625948739533259 -10.615480412065905 -10.605217135902466 -10.595120414452124 -10.585165861341812 -10.575311035240484 -10.565528983679545 -10.555801458936015 -10.546095853445783 -10.536411011561242 -10.527879655579179 -10.521113263802516 -10.51328275425365 -10.504991793258704 -10.496606832906327 -10.48785975330359 -10.479025636940275 -10.470629802395115 -10.461464678274485 -10.451042113331859 -10.441587928308792 -10.431200060331122 -10.420594349327082 -10.409093170119963 -10.39771803914957 -10.385126940899784 -10.372961777702768 -10.359757376576276 -10.346464993578623 -10.332245285313313 -10.318299058328401 -10.303133397005238 -10.288473553054827 -10.27244146922301 -10.256735177494043 -10.239982904526185 -10.22351168037755 -10.205984033408438 -10.188898787699964 -10.170714395084447
-15.3 -13.136297386750353 -13.061818347064849 -12.987571799081644 -12.913589455730412 -12.839906249548603 -12.766560582440887 -12.693594575044234 -12.621054309718218 -12.548990059617948 -12.4774564945572 -12.40651285246704 -12.336223063262636 -12.26665580994692 -12.197884509945506 -12.129987198174245 -12.063046292431967 -11.997148221679003 -11.932382898936616 -11.868843023267175 -11.806623199888653 -11.745818874180463 -11.68652508424496 -11.62883504767272 -11.572838610797444 -11.518620602249259 -11.466259145895112 -11.415823999856642 -11.367374996603486 -11.320960662546304 -11.276617092809143 -11.234367147243363 -11.194220017387797 -11.144548494264518 -11.10411964736194 -11.066907434127376 -11.03272409776322 -11.00055474202075 -10.970340899549717 -10.939449237450413 -10.91151356243629 -10.885731313931814 -10.86108303900527 -10.8375347384765 -10.815813955378854 -10.79478403563827 -10.775330336663256 -10.756582895734544 -10.739078136902398 -10.722438921750184 -10.706541038753775 -10.691449443777586 -10.677082975588936 -10.663322763066192 -10.650123774722845 -10.637474766708754 -10.625258528134157 -10.61346502996447 -10.602041048584425 -10.590921905033987 -10.58009284832228 -10.569467292651492 -10.559041837291383 -10.548778015074202 -10.53865180346587 -10.528620512061163 -10.518657322388972 -10.50874429191294 -10.498848648784708 -10.488969884641657 -10.480220499847505 -10.473198922835442 -10.46512541832848 -10.456594060748516 -10.447964892771838 -10.438973652763908 -10.429891215503398 -10.421232804511185 -10.411814099469556 -10.401160182272275 -10.39144866501654 -10.380817625209563 -10.369969460665336 -10.358243543411866 -10.346635355542 -10.333838822350812 -10.321452748315588 -10.308052447972074 -10.294562350802144 -10.28016821486197 -10.26603748463897 -10.250719122445725 -10.235891369405419 -10.219727530532435 -10.20388000935836 -10.187016252790242 -10.170422846090267 -10.152804994366681 -10.13561597998856 -10.117359119471 -10.099136474029383 -10.080614657981892
-15.2 -12.941343459002562 -12.867455088436413 -12.793865429239146 -12.720612897061157 -12.647739629089536 -12.575291727129379 -12.503319486744479 -12.431877603156908 -12.36102534270108 -12.29082666663377 -12.221350292115632 -12.152669673344082 -12.084862884322728 -12.01801238384287 -11.952204643220078 -11.887529618504177 -11.824080051607629 -11.761950589394957 -11.701236716485308 -11.642033506436416 -11.584434206973405 -11.528528687578143 -11.47440179129421 -11.422131645900722 -11.371788001227593 -11.323430667707942 -11.277108134700217 -11.232856444370757 -11.190698387302913 -11.150643069622449 -11.100646274531588 -11.060148378853246 -11.022907458952071 -10.988730280976029 -10.956567970776184 -10.92636202614515 -10.895388938156287 -10.867412696420022 -10.841605010301068 -10.816913577037296 -10.793306099954954 -10.771538109660474 -10.750436488470873 -10.730919819147207 -10.712091026133741 -10.694507448264996 -10.677781639316256 -10.661787686463638 -10.646595083592294 -10.632122198833542 -10.618248394627303 -10.60492924002541 -10.592155079025625 -10.579806796564217 -10.567875822721263 -10.556308921340362 -10.545040976648412 -10.534058261265391 -10.523272940655914 -10.512682811594555 -10.50224944796473 -10.491949207407185 -10.481739158177605 -10.47159262914198 -10.461491997977882 -10.451404338090398 -10.441329806129442 -10.432360527162047 -10.425081863054023 -10.416763834203307 -10.407990836885615 -10.399116472807641 -10.389880360105085 -10.380549160103453 -10.371628014894918 -10.361955877952465 -10.35107100234539 -10.341102879502493 -10.330229633346061 -10.319140247162085 -10.307190973482529 -10.295351404689791 -10.282351118933752 -10.269746157226487 -10.25615193707596 -10.242466299850404 -10.227899801204568 -10.213586901688803 -10.19811788653239 -10.183124597675777 -10.166830954973006 -10.150844382644667 -10.133870925326134 -10.117157354166778 -10.099450830614666 -10.082159856153195 -10.063831819413162 -10.045537676100645 -10.026953673837514 -10.008009788350357 -9.988943803833862
-15.1 -12.747642941499038 -12.674485020652934 -12.601706002892504 -12.529352009304972 -12.457473357786297 -12.386124768983976 -12.315365537752692 -12.245259656912578 -12.175875878112334 -12.107287692761846 -12.039573214502937 -11.972814943775953 -11.90709939500707 -11.842516568117007 -11.779159248780637 -11.71712212646833 -11.65650072601575 -11.597390157393656 -11.539883699356446 -11.484071245315004 -11.430037653336074 -11.37786105548706 -11.327611193383083 -11.279347855132366 -11.23311949232407 -11.18896209296424 -11.146898376633919 -11.10693736174809 -11.056606652842067 -11.016037939073948 -10.978767583634214 -10.944596720077826 -10.912441634151891 -10.8822437879954 -10.85118721990911 -10.82316939986338 -10.797335645819256 -10.772599991882615 -10.748931896085603 -10.727115560119937 -10.705940528633311 -10.686359408425378 -10.667447378594959 -10.649783185720704 -10.632968843958398 -10.616876711804212 -10.601580930506234 -10.586999394877008 -10.573009673385702 -10.559567958971675 -10.54666622489334 -10.534183425647413 -10.52211248919413 -10.510400177133711 -10.498980940657459 -10.487842104312234 -10.476894576644922 -10.466137382511846 -10.455532148660483 -10.445055629143807 -10.434664658885838 -10.424332727389057 -10.414042547329935 -10.403761046968777 -10.393489065030005 -10.38429821544437 -10.37676078959229 -10.368196928528722 -10.359181271477642 -10.350060952660174 -10.340579486994471 -10.330999319696637 -10.321815533773053 -10.31189035590133 -10.300775134978354 -10.290551374413214 -10.279437111841872 -10.268107955429983 -10.25593690583501 -10.243867832931446 -10.2306656488409 -10.21784400138828 -10.20405799361778 -10.190179138695273 -10.175442467767237 -10.160949859806431 -10.145332339855736 -10.1301759934555 -10.113754576502473 -10.097631211221973 -10.080549895988367 -10.063718240964992 -10.04592462242245 -10.028533544572579 -10.010135655327517 -9.991771366675165 -9.973126373176324 -9.95413186955133 -9.935019351110412 -9.915572323830004 -9.895991546022108
-15.0 -12.555490821850482 -12.483232228655488 -12.411448694333153 -12.340194964992143 -12.269530364142689 -12.199518916408728 -12.130229408276822 -12.061735368830965 -11.994114951924647 -11.927450700329574 -11.861829172366969 -11.797340412703873 -11.734077251727506 -11.672134422516123 -11.61160749114686 -11.552591605014998 -11.49518007485837 -11.4394628188625 -11.3855247107964 -11.333443887464878 -11.283290082420276 -11.23512306123277 -11.188991237078186 -11.144930542667769 -11.102963624905982 -11.063099412248164 -11.012426130850393 -10.971784831166179 -10.93448431244134 -10.900319919069787 -10.868172235860996 -10.8379826885119 -10.806840590301055 -10.778780183319144 -10.752919733190382 -10.728138800410868 -10.704408650495381 -10.68254283663266 -10.66129269692962 -10.641645656311198 -10.622648521078267 -10.604901934907561 -10.587997143001502 -10.571804748880162 -10.556403649797504 -10.541711265105308 -10.527603342870579 -10.514036723606475 -10.501005051053674 -10.488385324292526 -10.476172007707696 -10.464311871333583 -10.452738937712331 -10.441441611363691 -10.430329536790593 -10.419402997004862 -10.408623683566686 -10.397968763013619 -10.387394845175713 -10.376875593389345 -10.3663940698032 -10.355917067145771 -10.345446122531692 -10.336032220918932 -10.328234592077932 -10.319423817337636 -10.31016470755991 -10.300797908082176 -10.29107084303629 -10.281241741957626 -10.271795659733392 -10.261618072363447 -10.2502733361365 -10.239795143274712 -10.228441274214886 -10.216874013107676 -10.20448296119432 -10.192186455024723 -10.178784392058347 -10.165748431802859 -10.15177291400446 -10.137703304098824 -10.12279876946378 -10.108129032761811 -10.092365249560338 -10.077048421100674 -10.060501331593583 -10.044243504652126 -10.027056228861223 -10.010108627017258 -9.992229529724886 -9.974740248068102 -9.956273858408336 -9.937840804128994 -9.91913603692486 -9.900091938239802 -9.880933836497965 -9.861452169859298 -9.84184120038975 -9.821805699257563 -9.80185400113458
-14.9 -12.365242616640542 -12.294085258113693 -12.223516837643873 -12.153601411922061 -12.084407802646023 -12.016009577060283 -11.948484929830231 -11.881916446770637 -11.816390730914978 -11.751997872588836 -11.688830747883225 -11.626984134533108 -11.566553640934583 -11.50763445297756 -11.45031991440224 -11.394699969085101 -11.340859507252613 -11.288876670976592 -11.238821185982118 -11.190752795172802 -11.14471987275046 -11.100758295076359 -11.058890634776326 -11.01912572815883 -10.96810121486333 -10.927385566465793 -10.89005415931763 -10.855896391311102 -10.823756288610452 -10.793575239692073 -10.76234556973594 -10.73424157227336 -10.70835380138722 -10.683526538034801 -10.659732908488873 -10.637816493264285 -10.616489562188313 -10.596775146025296 -10.577691057338297 -10.559860321523008 -10.542863188525912 -10.52656848176752 -10.511059962198075 -10.4962545721231 -10.48202621395939 -10.468332399767508 -10.455168484695504 -10.442409488796008 -10.430051451095364 -10.418041161088349 -10.406312217648903 -10.394854132954888 -10.383575281408968 -10.37247723364397 -10.361521758065805 -10.350686449535846 -10.339927701214172 -10.329219363303777 -10.318544861518165 -10.307870862624991 -10.297199617620397 -10.287561383074593 -10.279502348779728 -10.270443809376152 -10.260940683887316 -10.251327112549411 -10.241354436499106 -10.231276673097314 -10.22156888858507 -10.211139761205285 -10.199566553463436 -10.188835366763575 -10.177243515888563 -10.165440023614151 -10.152830929627216 -10.14030924766123 -10.126709483395826 -10.113461746084717 -10.099299133520441 -10.085041363497831 -10.06997138434518 -10.055127209213213 -10.039219490660546 -10.023744844944082 -10.007074250390318 -9.990684359316433 -9.973393069382668 -9.95633170817229 -9.938368783290837 -9.920783235119158 -9.90224972188434 -9.88374930522705 -9.864986001225082 -9.845893345861365 -9.826690624881806 -9.80717505768556 -9.787534544856308 -9.767482628624386 -9.747512027971908 -9.727119490213877 -9.706605654259965
-14.8 -12.177322072147277 -12.107504203619383 -12.038408069827312 -11.97010727669126 -11.902680060319295 -11.8362090503141 -11.770780895275095 -11.706485732139168 -11.643416483737978 -11.5816679735629 -11.521335853463466 -11.462515348957783 -11.405299837877488 -11.349779290783077 -11.296038615196583 -11.244155959074643 -11.194201040642804 -11.146233580103917 -11.100301912219289 -11.056441856036207 -11.01467590838476 -10.975012811314635 -10.923628422921915 -10.882836671744082 -10.845473655190094 -10.811322666811433 -10.779190321377698 -10.749017969378242 -10.717698698867084 -10.689550114668789 -10.663634403227219 -10.638759766372997 -10.614901244825518 -10.592933116135429 -10.571527729253496 -10.551744500290946 -10.5325716351452 -10.514655019656265 -10.497563685810524 -10.481164653065177 -10.465546652542644 -10.45062614848659 -10.436275173679283 -10.422451935935458 -10.409153542329582 -10.396253011714041 -10.383747995537416 -10.371585314095105 -10.359698148150208 -10.348077144769936 -10.336629403282016 -10.325357810691116 -10.31422422431286 -10.303206682869634 -10.29226137141631 -10.28136233982766 -10.270493391025614 -10.259621075293108 -10.248748372099849 -10.238884728989492 -10.230563330076162 -10.221256408723274 -10.211508936691002 -10.201648538125939 -10.19143047428423 -10.18110455692251 -10.17113591147141 -10.160456348334437 -10.14865592271823 -10.137673408311048 -10.125845409054872 -10.11380776032416 -10.100982764131782 -10.088238342505633 -10.074443205092669 -10.060986380658491 -10.04663921821531 -10.032196006630237 -10.016963105039892 -10.001947283996634 -9.985898037241325 -9.970268320436944 -9.953476447831353 -9.936956949547028 -9.91956363550198 -9.9023907468017 -9.884345675979255 -9.866665831190145 -9.848066592403985 -9.829500236574157 -9.810679648948435 -9.791539488012496 -9.772293122930684 -9.752744401988844 -9.733075000798863 -9.713007035082207 -9.693017954404114 -9.6726211684032 -9.652107188680635 -9.631517782827094 -9.610728868150387
-14.7 -11.992227315867153 -11.924025519575137 -11.856697343219976 -11.79032546097399 -11.724996567896392 -11.660800848532483 -11.597831273540683 -11.53618271332348 -11.475950864379708 -11.417230993057544 -11.360116512444698 -11.304697420861618 -11.251058644053817 -11.199278336576663 -11.149426209584973 -11.101561960651027 -11.055733884734442 -11.011977742708002 -10.970315954187313 -10.930757164940985 -10.879004292194773 -10.838134696751098 -10.800739355572093 -10.766595299821617 -10.734470886986653 -10.70430742881702 -10.672896546323098 -10.644702388709677 -10.618758123225424 -10.59383508118211 -10.56991027175565 -10.54788933153635 -10.526403847211835 -10.50655038965249 -10.487286954711129 -10.469282760308614 -10.452095401943657 -10.435590072590811 -10.419860578536438 -10.404822905527551 -10.390347194068966 -10.3763923721111 -10.36295733865455 -10.349913090687311 -10.337258929311023 -10.324941717238206 -10.312894223233117 -10.30110825593456 -10.289489635709748 -10.278042593864324 -10.26672908866367 -10.255527617857142 -10.244394167053391 -10.233302998313961 -10.222238304897083 -10.21116652993025 -10.2000913949788 -10.190001476985477 -10.181417001217723 -10.171861316678472 -10.161869400685541 -10.151762355570915 -10.141299361135255 -10.130726033145198 -10.120497612250617 -10.1095689482158 -10.097542763537964 -10.086310809074526 -10.074248696950772 -10.061979160208862 -10.048940573744321 -10.035976018809885 -10.021987979052087 -10.008324902644189 -9.99379585653279 -9.979170036957697 -9.963776830038578 -9.948592249310456 -9.932403953595808 -9.916621985272004 -9.89971111478913 -9.883064518809537 -9.865571208915979 -9.848289063114132 -9.830163554123516 -9.81239141020871 -9.793727861587554 -9.775097006248021 -9.7562204014046 -9.737033796216005 -9.717744770936585 -9.698163649326345 -9.67846601995287 -9.658382373129736 -9.638375238010653 -9.617974301816206 -9.597460181644571 -9.576873285516342 -9.556092767412313 -9.535210751198376 -9.514125921731019
-14.6 -11.81053387496012 -11.74426272044056 -11.679034737921251 -11.614940160601023 -11.552072008104265 -11.490525198958322 -11.430395475572928 -11.371778146401342 -11.314766661032936 -11.259451046712982 -11.205916248435196 -11.154240428171589 -11.104493290545186 -11.056734510682466 -11.011012343496981 -10.9673624909427 -10.925807294114275 -10.886355300581577 -10.834225386662641 -10.793276222038664 -10.755847848441526 -10.721710876700143 -10.689594569960713 -10.659440200497075 -10.627935716697426 -10.59969501092261 -10.573721585698598 -10.548749120531745 -10.524756647287015 -10.502681814262079 -10.481114617824183 -10.461189540984014 -10.441833777287718 -10.423740340065303 -10.406455174563467 -10.389841626181111 -10.37399867959988 -10.358841842224393 -10.344239341055031 -10.33015084867159 -10.316577095364705 -10.303387037167479 -10.290581661399933 -10.278107885043584 -10.265898071505259 -10.253945217032403 -10.242153860238371 -10.230529603730357 -10.219034518683657 -10.207647576600424 -10.196324572349193 -10.185039992341435 -10.173778432719311 -10.162506238586738 -10.151227886190757 -10.140911039583104 -10.132063024360741 -10.122258432901855 -10.11202220931854 -10.101668933686074 -10.090961698095233 -10.080141934955067 -10.069655064165321 -10.05847885970964 -10.046228574558926 -10.034749282315266 -10.022455287591711 -10.009956316988859 -9.99670661621362 -9.983524695654713 -9.969346358757356 -9.955480001484217 -9.94077185073525 -9.925966362937881 -9.910415554875968 -9.895065185846564 -9.878740385349221 -9.86280905053572 -9.845781509270465 -9.82901037098084 -9.811419126425877 -9.794030026616879 -9.775825809082322 -9.757963386231658 -9.739236957780989 -9.72054305564768 -9.701611710277227 -9.682379729932691 -9.663049034898965 -9.643436270273543 -9.623711076604135 -9.60361211900215 -9.583587357171846 -9.563182369311265 -9.54266811202622 -9.522083666030621 -9.50131134532856 -9.480441419762482 -9.459375608885749 -9.438272809354293 -9.416952881381393
-14.5 -11.632892490059003 -11.568900697708054 -11.506135663669227 -11.444692355871403 -11.384666563966816 -11.326153639866614 -11.269247070993654 -11.214036914777873 -11.160608136589591 -11.10903890674732 -11.059398924000465 -11.011747841339432 -10.96613387351582 -10.92259266294973 -10.881146471035072 -10.841803745345558 -10.789288305070443 -10.74825786703763 -10.710795762367542 -10.676666024029386 -10.644557994626886 -10.614412906239647 -10.58281285877393 -10.554524644444742 -10.528521463091135 -10.50349857319152 -10.47943708364989 -10.457307296134974 -10.435656804127195 -10.41565874615217 -10.396208933896624 -10.378024629879437 -10.36063992068659 -10.343916284553053 -10.32795798574504 -10.312680054073548 -10.297948783294293 -10.2837246151559 -10.270010149848131 -10.256672284992824 -10.243713729910356 -10.231081467894834 -10.21870746413798 -10.20658592779096 -10.194620114011103 -10.182817022673298 -10.17113884968654 -10.159565054523602 -10.148051250018911 -10.136572158685137 -10.125112791454024 -10.113639404291812 -10.102157239616814 -10.091613025733569 -10.082501259856398 -10.072447855797737 -10.061967694260575 -10.051368837909173 -10.040418280223863 -10.02935328587473 -10.018609525827433 -10.00718756126421 -9.994715027934241 -9.982990707225113 -9.97046724700882 -9.957741473849506 -9.944283290294589 -9.930886923871846 -9.916521020923954 -9.902454480366389 -9.88757010817733 -9.872587989198962 -9.856882363260977 -9.841369253917177 -9.824910550616652 -9.80883279193469 -9.791690947721804 -9.77479786176275 -9.757110771453634 -9.739617047761676 -9.72133586899215 -9.703385205331424 -9.684597338043025 -9.665841851587436 -9.646857049815347 -9.62758076883686 -9.608209398880078 -9.588565751841784 -9.56881366006176 -9.548699763175252 -9.528657803609363 -9.508248862881672 -9.487734471827972 -9.467152416208839 -9.446388093176402 -9.425529964210007 -9.40448271069919 -9.383399848816861 -9.362107189554933 -9.340826904196081 -9.319326442533878
-14.4 -11.460019310779487 -11.398681198601688 -11.338761090375863 -11.280354382906173 -11.223554602872094 -11.168451839248892 -11.115131079022355 -11.06367050190713 -11.01413980156546 -10.966598609296744 -10.921095099715107 -10.877664855234283 -10.836330056509066 -10.797099049455973 -10.744189689119759 -10.703076298360449 -10.665579774856086 -10.631457416952065 -10.599357833441793 -10.56922221551265 -10.537524673957344 -10.50918800750723 -10.483154484490008 -10.458080187196478 -10.433948355925544 -10.411762574678397 -10.390027239166944 -10.369954870793824 -10.350409334152092 -10.332132583925286 -10.314646645580742 -10.297811112180373 -10.281735626436419 -10.266334741912098 -10.251472800931666 -10.237111038927726 -10.223253963722406 -10.209766398759465 -10.196652810238987 -10.183860259956878 -10.171320322501334 -10.159028444383866 -10.146886596689521 -10.1349032013886 -10.123040590754742 -10.11127872587487 -10.09957304620848 -10.0878985216509 -10.076240589128936 -10.06456542406507 -10.052879045387474 -10.042107242309655 -10.032731766784458 -10.02242988213846 -10.011706384139654 -10.000862828164763 -9.989670093593125 -9.978361295922795 -9.96736243654998 -9.955696705500344 -9.943003963289852 -9.931037122248416 -9.918286792039238 -9.905337015770316 -9.891673127714634 -9.878065377701104 -9.863514756941907 -9.84925124749651 -9.834193632481258 -9.819038007667332 -9.80318041820428 -9.787507684624412 -9.770917731239525 -9.754696541138602 -9.737442796479323 -9.720430390269303 -9.702649565753465 -9.685053569807996 -9.666697190752775 -9.648660337732629 -9.62981248039361 -9.610996878662858 -9.591959909305771 -9.572640405379888 -9.553229357654605 -9.533555590194734 -9.513777267433845 -9.493648803174484 -9.473590075233954 -9.453177280512307 -9.432662759037125 -9.412083033994218 -9.391326508737246 -9.370479882043416 -9.349450724138116 -9.328387305501046 -9.307121241609137 -9.28586714553934 -9.264399640011879 -9.242860975015429 -9.221293779881751
-14.3 -11.292676108382475 -11.234377372418715 -11.177686199253907 -11.12269271087574 -11.069481917241315 -11.018132008638503 -10.968712674566044 -10.921283525223107 -10.875892695262994 -10.832575706776606 -10.791354658797701 -10.752237794077468 -10.698926231871006 -10.657728238296613 -10.62019662088111 -10.586081787694935 -10.553990815506642 -10.523864853935779 -10.492067924873943 -10.463681882078207 -10.437617444292492 -10.412490778553618 -10.388287310799486 -10.36604452190182 -10.344222834823388 -10.324074863166047 -10.30443197513152 -10.286061248475503 -10.268472451634382 -10.251523276136767 -10.235328839386195 -10.219803220640612 -10.204808794221393 -10.19030761366267 -10.176306131154114 -10.162667081933986 -10.149396722938965 -10.136442206753276 -10.123734725408031 -10.111270986297631 -10.098951676895258 -10.086786664854623 -10.074738430196186 -10.062787448626269 -10.050888994795962 -10.039018296739775 -10.027161227830748 -10.015283891206515 -10.00339309144491 -9.992393694843631 -9.982754802727397 -9.97220500593157 -9.961239002530412 -9.950151855989626 -9.9387183115853 -9.927167357115037 -9.915915411062272 -9.904008113229343 -9.891097381164212 -9.878890717948124 -9.865916282721097 -9.852745461521714 -9.838878784866814 -9.82506284623655 -9.81033046416198 -9.795873307273073 -9.780645514664785 -9.765319588697512 -9.749312953190246 -9.733483771116894 -9.71676526414279 -9.700403677278985 -9.683040463400724 -9.66591139082197 -9.64803896135069 -9.630343060933638 -9.611913252273965 -9.593792270224691 -9.574885876348151 -9.556011631911867 -9.536923785848163 -9.517562137662452 -9.49811240967322 -9.4784092836826 -9.458605396724167 -9.43846273670667 -9.418387669317857 -9.397971119361468 -9.377456470808026 -9.356879016610744 -9.336130089454103 -9.315294670989548 -9.294283147281392 -9.273238677735577 -9.25199853599995 -9.230769969348193 -9.209334593906 -9.187830863236664 -9.16629958197788 -9.144636240942528 -9.122931516565737
-14.2 -11.131638893641911 -11.07675650582877 -11.023657572588792 -10.972420296094949 -10.923114362752058 -10.875799362405683 -10.830523390088949 -10.787321907422918 -10.746216931110027 -10.707216599397771 -10.653494686321158 -10.612210473465113 -10.574643101564932 -10.54053593424332 -10.508453735234973 -10.478337611940525 -10.446439444104445 -10.41800312262644 -10.391907210987192 -10.366727240049086 -10.342450875397748 -10.320150093154766 -10.298240590681589 -10.278015763023202 -10.258273950247325 -10.23980777075433 -10.222114547174172 -10.2050500548554 -10.188734979232413 -10.173082927793578 -10.157954291958276 -10.143311967605857 -10.12916438690794 -10.1153721846533 -10.101943441229968 -10.088825412344288 -10.075948915914632 -10.063311942712879 -10.050813898124328 -10.038466117736675 -10.026231240395822 -10.014090268733318 -10.001998321021356 -9.98993089361345 -9.977874305976204 -9.965794596846825 -9.953699364353067 -9.942472587506087 -9.93257082278678 -9.921773916539463 -9.910566465214258 -9.899237060955825 -9.887564290522738 -9.875773038338853 -9.864270233648938 -9.852123766949296 -9.838997435980076 -9.826553829467215 -9.813358214346156 -9.799969455383101 -9.785903034283978 -9.771882224715393 -9.756971137078404 -9.74232375141501 -9.726928924270828 -9.711435972250909 -9.695283263437476 -9.679300859974832 -9.662456532851712 -9.645957618639656 -9.628487389712314 -9.611244324983648 -9.59328243273665 -9.575489006618966 -9.556987545007802 -9.538784498872914 -9.51982102375856 -9.50088960979042 -9.481752177451083 -9.46234946263271 -9.442862050356366 -9.42313032620968 -9.403301540264772 -9.383145055129056 -9.36305407600608 -9.342633869281885 -9.322119096983421 -9.301543854078627 -9.280802325927358 -9.259977822466448 -9.238983472741593 -9.21795745929169 -9.196742567874804 -9.175538871890534 -9.154134801564677 -9.132665113441305 -9.111168834908021 -9.089545036704582 -9.067881201972131 -9.046107264124485 -9.024296117031174
-14.1 -10.977655055115214 -10.926532316448222 -10.87734176310855 -10.83014296550054 -10.784983979553314 -10.741900206453943 -10.700913580050091 -10.662032132933952 -10.607891874119593 -10.566519863584798 -10.528916092967954 -10.494816729126828 -10.46274346113373 -10.432637353545857 -10.400636143008063 -10.372148664963625 -10.346020736005846 -10.320786550112627 -10.296436066161684 -10.27407633600402 -10.252077602902963 -10.231774710473358 -10.211932458071104 -10.193369407716675 -10.175570255179125 -10.158388846752535 -10.141951526047071 -10.126171431903868 -10.110906959664817 -10.096121871545693 -10.081826614071272 -10.067879711158183 -10.054291098099823 -10.041008146054311 -10.0279613076304 -10.015149878352739 -10.002471984089496 -9.989940449182228 -9.977518082024222 -9.96518642372106 -9.952900444416045 -9.94063591833691 -9.928379619842982 -9.916097530745285 -9.903798049349048 -9.892344322325924 -9.882180477849818 -9.871137496066716 -9.859689876732414 -9.848119766419776 -9.83620956466355 -9.82418007964051 -9.812428851757156 -9.800045803867796 -9.78670642859909 -9.774028928638318 -9.760615209224062 -9.747011758636543 -9.732748755947739 -9.718526505702336 -9.703439858459301 -9.688605750091556 -9.673047100545444 -9.657390459167377 -9.641094697289232 -9.624962342761853 -9.607994959203905 -9.591361814571467 -9.573787042101433 -9.55643267385884 -9.538383469344897 -9.520494902327568 -9.501923566787717 -9.483640522047077 -9.464621419978675 -9.44563430747898 -9.426448576463912 -9.407005869624262 -9.387481765731218 -9.367722200947487 -9.34786917849614 -9.327699237266966 -9.307592772177463 -9.287169006691796 -9.266654113965883 -9.246081023079665 -9.225346695759901 -9.204532815398764 -9.183555181433853 -9.162547133102322 -9.14135682272443 -9.120177340948254 -9.098803753333321 -9.077367218359282 -9.055905033418455 -9.034319757518883 -9.012695764427194 -8.990965387443786 -8.969198965326898 -8.947311981012385 -8.925363215815032
-14.0 -10.831391858721929 -10.784311259367279 -10.739271333229604 -10.696307421293797 -10.655441374231202 -10.616681118030925 -10.562114694381298 -10.520653350320428 -10.483012554944883 -10.448921128273577 -10.416856944655041 -10.38676102520717 -10.354655020593562 -10.326115535120472 -10.299955062600498 -10.274665781693102 -10.25023999771398 -10.227820399086186 -10.205731073047403 -10.185348954763974 -10.165404811059032 -10.146743534701157 -10.12883702183873 -10.111537178661965 -10.09497609362028 -10.079066440606981 -10.063664607480078 -10.048735246449812 -10.034290851400907 -10.020187826808014 -10.006437992946486 -9.9929888486994 -9.979770490486864 -9.966783538754147 -9.953924843449663 -9.941208736970019 -9.928598207570206 -9.916075345568048 -9.903594981008427 -9.891133174880327 -9.878677164347975 -9.866192881328944 -9.85368952963531 -9.842009497657783 -9.83158461212014 -9.820296816036027 -9.808610526259237 -9.796801474630671 -9.784655840601923 -9.772390385968496 -9.760393369119498 -9.74777650850158 -9.734226798511637 -9.721318615795258 -9.707690008212394 -9.693875240889861 -9.679418928485099 -9.66499877022057 -9.649739790474012 -9.634722543100807 -9.619003343708137 -9.60318640257058 -9.586750647771927 -9.570471647778536 -9.553383995288753 -9.536619737660388 -9.518942905080774 -9.501479930683795 -9.483345568330293 -9.46536424650267 -9.446724814991775 -9.428363833783072 -9.409290555368269 -9.390249210532557 -9.371016463356305 -9.351534834244632 -9.33197502642163 -9.312188374402583 -9.292311774103439 -9.272128743588297 -9.2520072156634 -9.231579988803873 -9.211064978947055 -9.19049398118032 -9.169766657759618 -9.148963110389937 -9.128001736700595 -9.107011165336145 -9.085844770388038 -9.064688849755154 -9.043344926408416 -9.021940659105734 -9.000511662231432 -8.978963891670734 -8.9573786953329 -8.935690744826893 -8.913967891725648 -8.892128216730027 -8.8702287769899 -8.848335738342012 -8.826326153034197
-13.899999999999999 -10.693382403756972 -10.650540446318738 -10.60979715301887 -10.571160342516336 -10.51616013255388 -10.474607966159349 -10.436929540021891 -10.40284617988742 -10.370791229073431 -10.340705664693285 -10.308493172390651 -10.279900858209112 -10.253707334698225 -10.228362111096525 -10.203859891666484 -10.181379540885407 -10.159198316795287 -10.138735862945182 -10.118688444126011 -10.099927653904015 -10.081912424901411 -10.064492714026159 -10.047806437466244 -10.031765808430999 -10.016225197696448 -10.001150170710115 -9.986555300239806 -9.97229486462613 -9.958382597711694 -9.944766138268452 -9.931375235924342 -9.918211854921609 -9.905171573889579 -9.892270250980461 -9.879471064169444 -9.866756662865292 -9.854081744788026 -9.841422665868013 -9.828767133066748 -9.816081034972667 -9.803374384918495 -9.791468905909332 -9.780784259932584 -9.76925313337923 -9.757329882828264 -9.745283861236164 -9.732904991115706 -9.72040602041971 -9.708166038442368 -9.695318304905362 -9.681561115715573 -9.668425611340831 -9.654585462066542 -9.640562871282192 -9.62591662030422 -9.611302178878702 -9.595874165864295 -9.58067743114101 -9.564801006355552 -9.548827199445014 -9.532254544356533 -9.515832232049192 -9.498627115642998 -9.481734876174496 -9.463958473647661 -9.446389593727044 -9.42817222766934 -9.410100533895223 -9.391394780044479 -9.372957917489957 -9.353831907146644 -9.33473778888409 -9.31545930085376 -9.295939812621887 -9.276345281997875 -9.256532290845314 -9.236632766514553 -9.216437010740226 -9.196300839829206 -9.17587024821687 -9.155355124499676 -9.134786161417521 -9.114065646504365 -9.093272144256554 -9.072326578797888 -9.051352999832558 -9.030209859418486 -9.009076851293838 -8.987761779049151 -8.966388899300869 -8.944992190071655 -8.923480913156542 -8.90193347358762 -8.88028681989539 -8.8586063840114 -8.836812777169044 -8.814961379375891 -8.793116170067819 -8.77115831098232 -8.749180975678607 -8.727122714930067
-13.8 -10.563977835360978 -10.525466667472632 -10.470025269291947 -10.428380843271208 -10.390664202246574 -10.356589033300175 -10.324543458340516 -10.294468409943795 -10.262147799272599 -10.233501867222143 -10.207274805683307 -10.181872826735944 -10.157293085318459 -10.13475113838439 -10.11247677251674 -10.091932928357505 -10.071780923014918 -10.052919402619853 -10.034794181759109 -10.017253260789934 -10.000440462497075 -9.984267544218632 -9.968586851891521 -9.95336488694519 -9.938618330953657 -9.924199331327467 -9.910123562460303 -9.896338815014866 -9.882774501455549 -9.869433947327172 -9.856211465517713 -9.843124455959803 -9.830136295706458 -9.8172302022327 -9.804360748416235 -9.791504592568403 -9.778649917493937 -9.765762574525912 -9.752853389206628 -9.74072353054667 -9.729780641877403 -9.718007885774961 -9.705849589948096 -9.69356876922731 -9.68095904850732 -9.668229197037789 -9.655749253711996 -9.64267374858338 -9.628712072338027 -9.615352747124794 -9.601304522662577 -9.58707770962359 -9.572244980718933 -9.557439963040567 -9.541846279203629 -9.52647376721554 -9.510443485036433 -9.494316282419192 -9.477609844954303 -9.461047573569928 -9.44372780972763 -9.426710726811898 -9.408837246257857 -9.391165159517211 -9.372866939596529 -9.354707249236334 -9.335936939268114 -9.317426240011603 -9.298248933603777 -9.279103491207776 -9.259780528434934 -9.240224236014193 -9.220595955690161 -9.200757367102845 -9.180835566762736 -9.160627446450668 -9.140477048520415 -9.120043187872254 -9.099527953534535 -9.078960967249389 -9.058247067271836 -9.037463324927492 -9.016533119746384 -8.99557605290103 -8.974455511811357 -8.953344772955967 -8.932057745151646 -8.91071537955134 -8.889350064053072 -8.867874275964798 -8.846363559758935 -8.824757079795651 -8.803117915421113 -8.781369141421491 -8.759564507334941 -8.737765864925514 -8.71585837815819 -8.693931965669483 -8.671927264533776 -8.649891535791689 -8.627762098827827
-13.7 -10.423707289290112 -10.381969222300809 -10.344213805960447 -10.310146947748661 -10.278110885867134 -10.248046507856724 -10.215616216178994 -10.186915911716762 -10.160654847055017 -10.135195337740917 -10.110537040192405 -10.087932695535514 -10.065564009634539 -10.044937778890105 -10.024679952406785 -10.005716561195026 -9.987480157213858 -9.969816778942802 -9.95287623031114 -9.936569818128975 -9.920747857603903 -9.905377808310508 -9.890478488839639 -9.875899912783204 -9.86165972036278 -9.847705865919368 -9.833967434570633 -9.820449129225036 -9.807044003555273 -9.793771013555837 -9.780593744172995 -9.7674959889816 -9.754432203177885 -9.741379354125085 -9.728326105550602 -9.715238277098138 -9.702127507882466 -9.689774542401775 -9.67857516026448 -9.666562686369284 -9.654171459649312 -9.64165820236817 -9.628820197486819 -9.615862273215098 -9.603145542171266 -9.589845518137803 -9.575682474054375 -9.562102957685454 -9.547850234144953 -9.53342289751846 -9.518407231109252 -9.503415416082253 -9.487659478285947 -9.47211494820944 -9.455934212032343 -9.43965711178602 -9.422820028174666 -9.406121163842448 -9.388689574707758 -9.37155078776814 -9.353582718130006 -9.335810116411675 -9.317433184388355 -9.299187861263468 -9.280354751091544 -9.261772246049109 -9.242545068673978 -9.223349739646292 -9.203983557193554 -9.184391505784324 -9.164730439467254 -9.14486698771724 -9.124923552714211 -9.10470342479461 -9.084539211373766 -9.064102176375457 -9.043586834622097 -9.023021767870613 -9.002314291334164 -8.98154002670789 -8.960624738547214 -8.93968370848549 -8.918585118099132 -8.897496011567586 -8.876236229188034 -8.854923512296185 -8.833588704429674 -8.812147408720286 -8.790672390618594 -8.769104969615581 -8.747505938941531 -8.725800770319477 -8.704041629072817 -8.682288297648416 -8.6604298354478 -8.63855299470046 -8.616600444524263 -8.594617793153517 -8.572544493884996 -8.550484531535263 -8.528325393964566
-13.6 -10.297575734442066 -10.263517301024745 -10.231490883181149 -10.201437322954893 -10.168895860686158 -10.140140466331095 -10.113844956907975 -10.08832718237316 -10.063589350353771 -10.040921851498112 -10.018457736726498 -9.997748184955368 -9.977383383717799 -9.958317060639734 -9.939968370872887 -9.922181387657227 -9.905111966044172 -9.888670968168444 -9.872706674503984 -9.857187524269467 -9.842134499462755 -9.827395478880671 -9.812990092042407 -9.798866468489184 -9.784953375952878 -9.771256909254511 -9.75766887029487 -9.744209783608868 -9.73084345027189 -9.71755424701798 -9.704296518174116 -9.691047546035195 -9.67779647935064 -9.664509111120708 -9.651197894076375 -9.638623295311234 -9.62716939396299 -9.61491931791984 -9.602297466007332 -9.589554318158541 -9.57649076764831 -9.563307741751386 -9.550357556021476 -9.536836406708174 -9.522475231358035 -9.50867927140707 -9.494225724049317 -9.479601649520445 -9.464406656162753 -9.44923188477779 -9.43331715568208 -9.417604406672059 -9.401276647375328 -9.384853167788 -9.367888585869775 -9.351056500714686 -9.333515908553737 -9.316258552138375 -9.298198374893673 -9.280327938516606 -9.261874424503558 -9.243545817107016 -9.22465164962159 -9.205999352947524 -9.186723716874527 -9.167479924903144 -9.148071765065348 -9.128444988738813 -9.108752089479184 -9.08886450046712 -9.068900064658788 -9.048668281823094 -9.028490659490434 -9.0080505436793 -8.98753509767625 -8.966971893890078 -8.94627065161494 -8.925505585905839 -8.90460477676101 -8.883679313692234 -8.862602032809367 -8.84153392877883 -8.820300601510349 -8.799016677017795 -8.777711499711465 -8.756303709693366 -8.734863374042288 -8.713333907165644 -8.691773881969398 -8.670111100965594 -8.648396191035866 -8.626686923201152 -8.60487614615317 -8.583047533582494 -8.561145732620412 -8.539214744323798 -8.51719610046878 -8.495190150011297 -8.473088276126013 -8.450945905250824 -8.428780576830926
-13.5 -10.184680948407701 -10.154638345877812 -10.121984301371496 -10.093173139078832 -10.066842768181006 -10.041266036194239 -10.016447750460259 -9.993716388587632 -9.971155809313144 -9.950362067125774 -9.92988922252946 -9.910718989845753 -9.892257004119895 -9.874345371971533 -9.857146064733188 -9.840569506202602 -9.82446194001351 -9.80879280578148 -9.793585273378833 -9.778685087740788 -9.764113889253025 -9.749819993863456 -9.73573186197938 -9.72185699331036 -9.708085946312968 -9.694440824687382 -9.680885653261441 -9.667405397987189 -9.653954298762997 -9.640509957887392 -9.627062012244176 -9.613576232708713 -9.600065884367472 -9.587271321120417 -9.575565092656213 -9.56307972640773 -9.55022973818905 -9.53725942038053 -9.523973225592389 -9.510568222622988 -9.497388063903172 -9.483649313255553 -9.469093350733518 -9.455084801643476 -9.440434194448299 -9.425617244363723 -9.41024659523855 -9.394892760851683 -9.378822740498672 -9.362945602836806 -9.346474271130031 -9.32990794319117 -9.312819015986472 -9.295857081545748 -9.278210303478346 -9.26083750166612 -9.242687686590573 -9.22472207996562 -9.206194099085128 -9.187784537040848 -9.168831039579274 -9.150110945847613 -9.130788248608969 -9.111497401698976 -9.092048492417899 -9.072388012828993 -9.052664221860706 -9.032753212249066 -9.012768401259276 -8.992525311550459 -8.972334681466855 -8.951891577124831 -8.931376029995493 -8.910814633365964 -8.890119438704055 -8.869363296817326 -8.848476534445897 -8.827566174677496 -8.806509570283403 -8.785461846814977 -8.76425419401662 -8.742998215815948 -8.7217218021442 -8.700346542173666 -8.678939884274246 -8.657447278124929 -8.635925141336708 -8.614303541628066 -8.592631612671815 -8.570965171408114 -8.549200750479395 -8.52741903212902 -8.505566587787008 -8.483685856581507 -8.461720393563201 -8.439767010758072 -8.41772088345928 -8.39563547668763 -8.373527417963379 -8.351361340864383 -8.329164544109755
-13.399999999999999 -10.074879245917675 -10.04601167936799 -10.019646056620362 -9.994009719931137 -9.969110123486683 -9.946314239882781 -9.923656237277177 -9.90277750338 -9.882195635599587 -9.86292060235827 -9.84434440661214 -9.82630718896848 -9.808977097146036 -9.792264123403765 -9.776012474331202 -9.760192609867268 -9.74482991020746 -9.729767989259944 -9.71503051785828 -9.700566009200177 -9.6863026264867 -9.672249285665488 -9.65829531092637 -9.644464393864132 -9.630720790041604 -9.61705005966708 -9.603406344260577 -9.589767570377669 -9.57612386516159 -9.562440981351578 -9.548732993846743 -9.535720324091713 -9.523764170555078 -9.511046014164581 -9.497970553073657 -9.484775951281494 -9.471270166748434 -9.457646454516837 -9.444239942209968 -9.430287233744018 -9.415539925783705 -9.401322737856391 -9.386478913165881 -9.371473016312917 -9.3559304338927 -9.340401472733326 -9.32417969037111 -9.308142016905627 -9.291530575964398 -9.274824936168454 -9.257614815743207 -9.240526396709456 -9.222776239721673 -9.205291100847537 -9.187054102035798 -9.168995969561665 -9.150395618826964 -9.131907409598021 -9.112896291600828 -9.094110373201225 -9.074741995832754 -9.055405484588498 -9.035917037999402 -9.016223863209241 -8.996470108890266 -8.976536385313166 -8.95653181585377 -8.936277762293702 -8.916074519776771 -8.895628517833194 -8.87511287265513 -8.854553228192025 -8.833863897224115 -8.813116408063378 -8.792243266448555 -8.77134755288905 -8.750311000850374 -8.729283044583928 -8.708100296174758 -8.686871429340972 -8.665622923549478 -8.644279230205358 -8.622905257554509 -8.601448431550857 -8.579963078700327 -8.558381467000816 -8.536751281555718 -8.515126441946993 -8.493407060386295 -8.471670913865708 -8.449866444797049 -8.428034575184283 -8.406120828465895 -8.38421857794095 -8.362226688396497 -8.340196718134624 -8.318144407783358 -8.2960360522334 -8.27389788593402 -8.251704032989299 -8.229490733250884
-13.3 -9.972252748403323 -9.946556206985928 -9.921574508071995 -9.898713496437644 -9.875957191862302 -9.854992735906558 -9.834300957403432 -9.814920322652364 -9.796229102255275 -9.778065473403323 -9.760603815032416 -9.743753695092664 -9.727357284825585 -9.711386083515666 -9.695867702022808 -9.680643627948234 -9.665739580088543 -9.651104279325436 -9.636665601787174 -9.622433889336897 -9.608297241889003 -9.594280945734456 -9.580349493489392 -9.566489043622548 -9.552653644920811 -9.53882155162682 -9.52498338228715 -9.511104874966241 -9.497200910580375 -9.483972174759419 -9.471768699617291 -9.458820432564742 -9.445522327499855 -9.432106483446967 -9.418384306950939 -9.404545286183259 -9.39091616628822 -9.376753252270666 -9.361818128360301 -9.347396336814391 -9.332363205102967 -9.317172346670672 -9.301461595600454 -9.285761477544758 -9.269391483718367 -9.253197141622236 -9.236449060029505 -9.219607643509434 -9.202279475145973 -9.185067923447455 -9.16721717969222 -9.149622791397055 -9.131301043542898 -9.113153005783973 -9.094482361205518 -9.075917787050287 -9.056850737901003 -9.03800094264652 -9.018588248076599 -8.999207444132692 -8.979680655240255 -8.959955778645893 -8.940172975497452 -8.920217233845253 -8.900193513103034 -8.879928833356034 -8.859713367496422 -8.839264557440368 -8.818748817242346 -8.798190870826863 -8.777507222540365 -8.756768119271422 -8.73590817904066 -8.715026661654376 -8.694009547349296 -8.673000754133264 -8.651842151397766 -8.630639573080032 -8.609418131519698 -8.588105054679078 -8.566762788104523 -8.545340675748843 -8.523891016293021 -8.502348213826194 -8.480758548879644 -8.459174099706813 -8.437498454805084 -8.41580657110539 -8.394048709158957 -8.372264318146907 -8.350400835411204 -8.328548292855627 -8.306609142867316 -8.28463309123146 -8.262635016524472 -8.240582830728496 -8.218501733737062 -8.196366686770643 -8.174212662588234 -8.151991288622655 -8.129759221289833
-13.2 -9.873839105436339 -9.85091241404718 -9.828057012200864 -9.807006177415305 -9.786203696156726 -9.766716751867309 -9.74790979461095 -9.729619042738491 -9.712025155756047 -9.695037284936626 -9.678495569760633 -9.662372566901144 -9.646698136035328 -9.631311645041274 -9.616240876057306 -9.60143476763165 -9.586820918927678 -9.572411105691863 -9.558092214331454 -9.543891130684747 -9.529772590056918 -9.51572335214031 -9.501697378218482 -9.487673252828701 -9.473642086096119 -9.459569604351154 -9.445471489515505 -9.432028903277278 -9.419580902321501 -9.406405374334526 -9.392887610192897 -9.379253711417741 -9.365318473823956 -9.351267667660744 -9.337419801574045 -9.323050532193268 -9.30793119974403 -9.293308913895702 -9.27809044371383 -9.262718655478643 -9.246843533707379 -9.230976253349786 -9.214461612284158 -9.198114475154632 -9.18123322016568 -9.16425955417036 -9.146816470854139 -9.129485120079826 -9.111536562469787 -9.093835987077465 -9.07543190201404 -9.057196552159425 -9.038457666074326 -9.019818981247932 -9.000697668294151 -8.981785917237417 -8.962330248821194 -8.942906503419154 -8.923342548899745 -8.903586948268535 -8.883775996110236 -8.863798920886913 -8.843756645973782 -8.823481672045274 -8.803254365363323 -8.782802835165239 -8.76228700292458 -8.741730701356703 -8.721052557804688 -8.700321578091575 -8.679474426891552 -8.6586066631064 -8.637608381990603 -8.616618157448464 -8.595482953762248 -8.574305853988895 -8.55311064596063 -8.531827249773754 -8.510515724464822 -8.489127274496251 -8.467712233030834 -8.446207076876101 -8.424656725302551 -8.403111470507678 -8.381478275218047 -8.359829360386993 -8.338116752408535 -8.316378471384878 -8.294563814558277 -8.272759568764204 -8.250871672975768 -8.228948034092335 -8.207002693250502 -8.185005135568412 -8.16297955583173 -8.140901730618936 -8.118805400591775 -8.09664386214268 -8.074471771462918 -8.052239945889038 -8.029968480233634
-13.1 -9.779954211322146 -9.758816416909934 -9.737902539275385 -9.718308672955299 -9.699385371695843 -9.680966901546046 -9.663240246271894 -9.646114148471327 -9.629426721324778 -9.613151595886414 -9.597320896542938 -9.581771879868693 -9.566534404524887 -9.551557636217547 -9.536768907188764 -9.522181433297645 -9.507680898951877 -9.493295792425103 -9.478991096651432 -9.464754174468432 -9.450538904464565 -9.43632420326345 -9.422101671793785 -9.407837027083456 -9.393546745874122 -9.379892692307537 -9.367203144048162 -9.353803365531848 -9.340069073425632 -9.326220443105282 -9.3120755980271 -9.297816641424644 -9.283753994717427 -9.26918230730254 -9.253882441918515 -9.239063834535086 -9.22366404266984 -9.208115393444377 -9.192079723637926 -9.176049291688992 -9.159393573985392 -9.142897514304062 -9.125886545448736 -9.10878414317501 -9.091229260404061 -9.073781420578294 -9.055737798673055 -9.037934068895074 -9.019450032394236 -9.001129932995553 -8.982324831617394 -8.963614259814497 -8.944440326566735 -8.925468512019915 -8.905971192215265 -8.886505834921973 -8.866905872048736 -8.84712050865421 -8.827282291832141 -8.807284555583058 -8.787224313047464 -8.766939371016566 -8.746700599157986 -8.726246435200279 -8.70573051384051 -8.685175804880963 -8.664502991323035 -8.64377987753731 -8.622945110366734 -8.602090665436641 -8.581110623547124 -8.56013838358258 -8.53902584506077 -8.517873427460112 -8.496703635972912 -8.475448999740042 -8.454167266177011 -8.432811443613375 -8.411429960970104 -8.389961305285341 -8.368449077154889 -8.346941837177454 -8.325349821597282 -8.303742598275374 -8.282073907763353 -8.260380384221653 -8.238613131343731 -8.216855786096355 -8.19501767404225 -8.173144956187103 -8.151250860576708 -8.129306401842229 -8.107334798802006 -8.085312621730518 -8.063272413900114 -8.041169096204747 -8.019055379492169 -7.99688379691175 -7.974673718993386 -7.9524451566552035 -7.930164260929498
-13.0 -9.68939635823007 -9.669695055204834 -9.650654910134774 -9.632108245243415 -9.614248406417083 -9.596983735918107 -9.580150327939045 -9.563722903789992 -9.547735866135842 -9.532024370468115 -9.516620362903144 -9.501473245268679 -9.486510092828182 -9.471745566023921 -9.457064159472845 -9.442495964805916 -9.428006216822142 -9.413582882390312 -9.399179761788323 -9.384776104714106 -9.370364001198753 -9.35590916090502 -9.34142884808368 -9.327565869502575 -9.314637925120088 -9.301017057250222 -9.28706950446768 -9.273009591058983 -9.258658704415256 -9.244195333509962 -9.229921964740726 -9.215151873083173 -9.199675208978764 -9.184664505851718 -9.169087447743399 -9.153366034122858 -9.137173655386421 -9.12098409042158 -9.104190866085345 -9.087549748054151 -9.070412511086912 -9.053184865873863 -9.035521276795352 -9.017960229504293 -8.999824265692068 -8.981920380658078 -8.96335874948612 -8.94495642947017 -8.926087110655285 -8.907306842689133 -8.888081907193182 -8.869051890946329 -8.849514220127427 -8.830008557691015 -8.810373723377772 -8.790559541233586 -8.770694927938102 -8.75067719074566 -8.730599556142913 -8.71030496592768 -8.690055097396757 -8.669598384412986 -8.649082376801786 -8.628529209208768 -8.607861554234516 -8.587146053638799 -8.566323273140645 -8.545481720464297 -8.524519334863275 -8.503564506106287 -8.48247391217731 -8.461345394617112 -8.440200217062284 -8.418973436015612 -8.397720560800593 -8.376396347872452 -8.355047382105617 -8.333614099229289 -8.312138822990573 -8.290668435978649 -8.269116348696432 -8.247549557516656 -8.225923466135017 -8.204273365255814 -8.18255211219607 -8.160840288013631 -8.139050506009758 -8.117227233587267 -8.095382909756191 -8.073490035432222 -8.051570882261746 -8.02960279268393 -8.007617146952146 -7.9855704462744335 -7.963513510605582 -7.941400542882433 -7.919250210132191 -7.897081812053116 -7.874862665469946 -7.852616822529455 -7.830319259872607
-12.899999999999999 -9.601717678635314 -9.58304246313289 -9.565049151489317 -9.54764569427434 -9.530666175825807 -9.514086422404503 -9.497943126145323 -9.482069353439739 -9.466499146501256 -9.451182151683584 -9.436045197079006 -9.421104390413358 -9.406243049384566 -9.391492867943825 -9.376819336284058 -9.362211025167735 -9.347621660524947 -9.333030825329296 -9.318431096116386 -9.303788176646034 -9.289120110295359 -9.275050899631866 -9.261887872556718 -9.2480492171014 -9.233891796876504 -9.219624163637802 -9.205070903162625 -9.190406944656294 -9.175926994276486 -9.160962578104952 -9.145312898712021 -9.130114368491721 -9.1143641289417 -9.098474066378166 -9.082128826312001 -9.065784146891648 -9.048856978705702 -9.032074651470865 -9.014814572676116 -8.997465152566352 -8.979695923442105 -8.962024917311812 -8.943799303283683 -8.925798224894237 -8.907161324120109 -8.888679276071016 -8.869747707296249 -8.850899899007835 -8.831625552385665 -8.812539164117263 -8.792962419521217 -8.773417734859573 -8.753749144819151 -8.733907070007351 -8.71401691167703 -8.693979820721413 -8.673885358240508 -8.653581433394463 -8.633320829323182 -8.612861650345508 -8.592345559292937 -8.571793882853877 -8.551131218489616 -8.530423083396473 -8.509611900111345 -8.488782821509039 -8.467837520670402 -8.446899540866456 -8.425830184774108 -8.404724799922786 -8.3836034486674 -8.362403634661371 -8.34117870125418 -8.319885098234625 -8.298567625500215 -8.277168606936614 -8.255729130477613 -8.234294453377323 -8.212781062687803 -8.191253463542141 -8.169668672493044 -8.148060678582652 -8.1263840406071 -8.104716376333004 -8.082973489211332 -8.06119820457481 -8.039402196130323 -8.017559408301546 -7.995691193978581 -7.973775646396802 -7.951843016777624 -7.929851342792943 -7.907849607445769 -7.885793637739577 -7.863701417756711 -7.841591556025383 -7.8194325044302015 -7.7972474593890775 -7.7750122539232365 -7.7527618178999695 -7.730459375528603
-12.8 -9.515642194092116 -9.498099868660038 -9.480974249825449 -9.46424228225743 -9.447942956332822 -9.431907263042675 -9.41617134701863 -9.400685106956645 -9.385375133418481 -9.37025898234132 -9.355218808000402 -9.340287903687598 -9.325432017813792 -9.310640323892104 -9.29586647705143 -9.281090392977843 -9.266305131251052 -9.251476390737075 -9.23662298454258 -9.222350376408041 -9.20895573159626 -9.194902720530482 -9.18053894168307 -9.166067256137104 -9.151315380899572 -9.136454741520481 -9.121772420926527 -9.106617815582135 -9.090798944385472 -9.075416888715496 -9.059497572916255 -9.043442987147111 -9.026948734255594 -9.010452951433084 -8.993395388688455 -8.976475679960812 -8.95909616081817 -8.941628403488103 -8.92375656948882 -8.905978816012505 -8.8876662095258 -8.869570859121998 -8.850860979672715 -8.832301657377037 -8.813309773923175 -8.794396544313503 -8.775074349467086 -8.755933385339988 -8.736318820141499 -8.716736371458184 -8.697035119470511 -8.677166059560145 -8.657251190368145 -8.637195379550302 -8.617084641694694 -8.596771689233211 -8.576500703184667 -8.556039139499154 -8.535522967756139 -8.514972733314696 -8.49431489511431 -8.4736138830216 -8.452813915603986 -8.431996901554502 -8.411068125695351 -8.39014644404042 -8.369097633277313 -8.348014629090134 -8.326916331993017 -8.305742614106714 -8.284544723469356 -8.263280749403464 -8.241993764734806 -8.220627922026486 -8.19922311361723 -8.17782302314427 -8.156347118135713 -8.134857491312149 -8.113312722572322 -8.091745540362762 -8.070112153553717 -8.048487307803747 -8.026789900493618 -8.005061165609618 -7.983312034939836 -7.961517854144349 -7.93969908536156 -7.91783455144741 -7.895953408152787 -7.874015186162492 -7.8520670848867 -7.830066510046611 -7.808030783088378 -7.785977841230142 -7.763877240851565 -7.741751346951131 -7.7195768266575415 -7.697387375911448 -7.675147487555894 -7.652874853385658 -7.630576523005026
-12.7 -9.431074733454315 -9.414190812112222 -9.39773583382184 -9.381538729540308 -9.365637750297106 -9.349983054334714 -9.334501004129441 -9.31921060299133 -9.30399285585578 -9.288882650459318 -9.273845995556663 -9.258872665286708 -9.243916247116799 -9.228956988144155 -9.213988426708193 -9.19897625736224 -9.183940052593403 -9.169467014066212 -9.155844357039705 -9.141580542016376 -9.127014018523303 -9.112342041919673 -9.097395391908346 -9.082342047999692 -9.067461628781093 -9.052121015135842 -9.03613680677172 -9.020575550756442 -9.004491275670686 -8.98827629452317 -8.971636870993564 -8.954993981224057 -8.93780955381541 -8.920756263892537 -8.903260676104034 -8.885677984162713 -8.867706545488453 -8.84982521519856 -8.831428237124307 -8.813241492467467 -8.794460888924428 -8.77582670517157 -8.756776408505845 -8.7377998380835 -8.718431328555521 -8.699237549990928 -8.67958639249968 -8.659967412521727 -8.640234569806767 -8.620339413358654 -8.600400649777614 -8.580326739401471 -8.560200266721138 -8.539878586976203 -8.519597564780563 -8.499133695889961 -8.478617446147041 -8.458068605625593 -8.437415432746228 -8.416721306450107 -8.39593218184937 -8.375126831688814 -8.35421403304874 -8.333308110472542 -8.312279167148114 -8.291217807281871 -8.270141808135596 -8.248993333191049 -8.227821604344735 -8.206586297682792 -8.185328815666855 -8.16399508115858 -8.142623830280169 -8.121257223777624 -8.099817615295581 -8.078364762489812 -8.05685875991471 -8.035331115728786 -8.013739638261772 -7.992156290730003 -7.970502969689647 -7.948819367649359 -7.927115697491266 -7.905368664393845 -7.883597867309003 -7.8617828377583185 -7.839951669119527 -7.8180653420962125 -7.796169325215465 -7.774222558001951 -7.75224171930054 -7.73024409466192 -7.70820031461043 -7.686131936788514 -7.664016440261573 -7.6418863215645185 -7.619707308550939 -7.597496458188455 -7.575260563551002 -7.552981847701648 -7.530670029021808
-12.6 -9.347322431281317 -9.33096457680815 -9.314899333350626 -9.299077125270275 -9.283424096181678 -9.267960694177999 -9.252566789486423 -9.237278857510681 -9.222063168788388 -9.206910095006434 -9.191773158715678 -9.17663293641546 -9.1614834401389 -9.146290360307114 -9.131074017551109 -9.116403638750736 -9.102556704469864 -9.088085746209206 -9.073320186764702 -9.058451763597413 -9.043314249421044 -9.028072236704666 -9.012998040133713 -8.997475634790957 -8.981329966439596 -8.96559384947424 -8.94934873558584 -8.93297748117586 -8.916196716039586 -8.899410694499078 -8.882102907390415 -8.864919803582888 -8.84731148446164 -8.829617221115363 -8.811549139438075 -8.793567358416945 -8.77508859006505 -8.756813282618191 -8.73796417124714 -8.719257495876573 -8.700150652227 -8.68111278156267 -8.661699460547583 -8.64245459316931 -8.62276804614449 -8.603113741476355 -8.583350356166786 -8.563429972320165 -8.543468112761614 -8.523376709272434 -8.503235030144538 -8.48290491664637 -8.462614196267655 -8.442148099861237 -8.421631774747546 -8.4010842811654 -8.38043561642887 -8.359748144115649 -8.33896949772362 -8.318175419808217 -8.297278062879068 -8.276387372279265 -8.25537763342569 -8.234337197585363 -8.213282756487864 -8.192158689488267 -8.171012259987018 -8.149804679125907 -8.128575734484626 -8.107273061983475 -8.085934280048102 -8.064600076235067 -8.043195597727356 -8.02177834293378 -8.00030987323416 -7.978820516020164 -7.957269629302435 -7.935726481930043 -7.914115876432432 -7.89247601281408 -7.870816407671736 -7.849115084582099 -7.827390806411131 -7.805623792637522 -7.783841106864417 -7.762005137329916 -7.7401596736774225 -7.718265144813537 -7.696337606720683 -7.674393712682126 -7.652405137274613 -7.630392654569748 -7.608334533535531 -7.586262105506155 -7.564142299919131 -7.541991557300724 -7.519816421798904 -7.49759972488732 -7.47535070829735 -7.453066285713937 -7.430753368745865
-12.5 -9.263957260695985 -9.247968635199236 -9.232145876465594 -9.216510873053785 -9.200942375625978 -9.185478438637857 -9.170085595177866 -9.154754810483944 -9.13943954455626 -9.12412070061355 -9.108792758580634 -9.0934214045557 -9.07802769525697 -9.063163179762721 -9.049095821397216 -9.03442147905427 -9.019460676675081 -9.00439972430757 -8.989075317060056 -8.973648720619542 -8.958385107423874 -8.942685153235296 -8.9263819163342 -8.910475283322276 -8.89407344677779 -8.87755002811726 -8.86063173080302 -8.843706525123618 -8.826278853186457 -8.808969664647865 -8.79125191286551 -8.773449397943368 -8.755287593165578 -8.73720843988697 -8.718650420601563 -8.700289333103353 -8.681373890109917 -8.662597048295927 -8.643435487409736 -8.624338315888734 -8.60488165538739 -8.585587388128358 -8.565866628204505 -8.546178178792248 -8.526385275500663 -8.50644051363732 -8.486456338161517 -8.466348033937265 -8.446191664392675 -8.425853403776692 -8.40555331520859 -8.385085067138649 -8.364568669221123 -8.344022476708705 -8.3233781666494 -8.302697121967455 -8.28192859773455 -8.261145409569467 -8.24026297127832 -8.219386997708368 -8.198395815527725 -8.177375599748782 -8.15634199340826 -8.13524151790024 -8.114119544225279 -8.092938767962533 -8.071737416043689 -8.05046478138016 -8.029157402347042 -8.007854541962825 -7.98648405021076 -7.965101240497676 -7.943669094093577 -7.922216796334497 -7.900705206010125 -7.8792009840217165 -7.857631747299437 -7.836034251386181 -7.814417338803323 -7.792760311043452 -7.771081121500101 -7.749360657170555 -7.72762498395185 -7.705837855690829 -7.684041434380791 -7.6621975944348675 -7.640321788395792 -7.618430056413857 -7.5964950873246275 -7.574536895106523 -7.552534516765228 -7.530518152276124 -7.508455899480939 -7.486363600642273 -7.464247558496551 -7.44209119702657 -7.419903295097129 -7.3976810562095 -7.375431079072188 -7.353139738744668 -7.330823107534085
-12.399999999999999 -9.180667986415212 -9.164862926240259 -9.149121544867036 -9.13348346540182 -9.117915483600358 -9.102409153373632 -9.086917874175562 -9.071422872624863 -9.055919090048398 -9.040372207690485 -9.024804005548804 -9.009748660720609 -8.995464838382702 -8.980590958950055 -8.9654387806778 -8.950189279124382 -8.93468200045817 -8.91907494498135 -8.903626305436186 -8.887753062365514 -8.871296154666682 -8.855223347645454 -8.83866889280116 -8.82199739882437 -8.804945353109312 -8.787884877533626 -8.770340760757506 -8.752909173715322 -8.735085245403468 -8.717177751737154 -8.698925099059439 -8.68075160155171 -8.662116826568127 -8.643672690888963 -8.624693050891059 -8.605848321655131 -8.586633835733101 -8.567479320496656 -8.547980760607416 -8.528638744970024 -8.508884922188344 -8.48916348088801 -8.469342060363324 -8.449373749844744 -8.429368019936849 -8.409243393129453 -8.389072836722347 -8.368726708659906 -8.348417573848863 -8.327947248113462 -8.30743077989626 -8.286885843705527 -8.266245738605674 -8.24557090071863 -8.224812151240378 -8.204039479576574 -8.183171449424744 -8.162309690238114 -8.141336432294224 -8.120335749164235 -8.099322271141116 -8.07824458950522 -8.05714624738442 -8.035991375289559 -8.01481669247191 -7.993573093967007 -7.972296074859339 -7.951023521208223 -7.929685896949311 -7.90833640312348 -7.886939394880916 -7.865522953383358 -7.844049390210192 -7.822582843022732 -7.80105365327699 -7.77949717913532 -7.757921610827108 -7.7363074879522635 -7.714671980538755 -7.692996622955477 -7.671306514903968 -7.649566734516789 -7.627817866554941 -7.606023187657697 -7.584197566016926 -7.562356447498028 -7.5404735057380154 -7.518568017765517 -7.496619766958523 -7.474657855368993 -7.452651516357105 -7.430616011868095 -7.408557410641076 -7.3864597133483745 -7.36433124962163 -7.3421695055849 -7.319980776302717 -7.297751900146604 -7.275498365197917 -7.253204682004307 -7.230877321984738
-12.3 -9.097106384832637 -9.081296159903626 -9.06555518655251 -9.049875601646239 -9.034210745755676 -9.018542164983035 -9.002865254930397 -8.987145691149085 -8.971405963427616 -8.956163190684359 -8.94166696018536 -8.926597467985127 -8.911257844735024 -8.89582382664386 -8.880137739092078 -8.864354379408773 -8.848725123781184 -8.832682860140572 -8.816076178130793 -8.799841528321354 -8.783138540706922 -8.76632303372307 -8.749140992085131 -8.73194912203981 -8.714291961112535 -8.696741614494664 -8.678814719693806 -8.66080546984335 -8.642464797131948 -8.624199930452587 -8.605490849006578 -8.586966344275684 -8.567924598983536 -8.54901421392399 -8.529748556722229 -8.51053861178794 -8.490999560127076 -8.471611409589034 -8.451825647028135 -8.432072339272283 -8.412223378140014 -8.392232328113112 -8.37220578652155 -8.352065400944872 -8.331881148662703 -8.31152742581412 -8.291209558607937 -8.270737227339492 -8.250220691263607 -8.229676967774926 -8.20904092168801 -8.188372075310419 -8.16762276188631 -8.146860242787483 -8.126006122948311 -8.105158087901817 -8.084202137260155 -8.06322031608341 -8.042226276973114 -8.021170610646733 -8.00009509530348 -7.9789652480112885 -7.957816332028697 -7.936600790872064 -7.915353112200215 -7.894109851601876 -7.872804000049459 -7.851486717215404 -7.830123687071252 -7.808741923639543 -7.787305144243658 -7.76587504625334 -7.7443846075326075 -7.722867834956614 -7.7013322878057195 -7.679759704684258 -7.658166497837917 -7.636534829171222 -7.614888863118425 -7.5931949614176 -7.571492181154867 -7.549745158554651 -7.527968196197123 -7.5061761642058356 -7.484343691932608 -7.462489342241343 -7.440593623444661 -7.418684572660316 -7.396732526218747 -7.37475218344163 -7.352749386375571 -7.330708696668489 -7.308638008183981 -7.286535082489539 -7.264405920151142 -7.242237810945191 -7.220045675371523 -7.197814553837698 -7.175550679530341 -7.153259182988392 -7.130930045983543
-12.2 -9.013007192222105 -8.997156761387895 -8.98132087769528 -8.96548140225807 -8.949634177241657 -8.93374487138983 -8.917836670183132 -8.902409955291796 -8.887705456980152 -8.872444343295893 -8.856921259897195 -8.841306800776016 -8.825445998359482 -8.809490510306192 -8.793685059679373 -8.77747804376017 -8.760725475459896 -8.744333295754421 -8.727485835460952 -8.710530345036616 -8.693222023408365 -8.675902590494156 -8.658135742747161 -8.640470224196916 -8.622443523644653 -8.60433568696034 -8.585909772405191 -8.567556456415337 -8.548775470094407 -8.53017322108616 -8.511071418180267 -8.492097560408437 -8.47278244649889 -8.453518942050627 -8.433940773294664 -8.414508062851752 -8.394691456351834 -8.374907379908088 -8.355031830489201 -8.335018829756194 -8.314972200389121 -8.294816605450553 -8.274619135661622 -8.254258083649944 -8.23393178977011 -8.213457523229424 -8.19294092167249 -8.17239836839823 -8.151766239161386 -8.131103174578087 -8.11036296724462 -8.089610246126252 -8.068769551504445 -8.047934762823363 -8.026995518142456 -8.006031905051241 -7.985056632611533 -7.964022222248509 -7.9429687485842635 -7.921863068014758 -7.900739038204064 -7.879550598748346 -7.858331264844576 -7.837116306995374 -7.815841158260691 -7.794555006280244 -7.773224819761022 -7.751876581762148 -7.730475369275616 -7.709080520528321 -7.687627563482401 -7.666149198809657 -7.644652375732244 -7.623119993489778 -7.6015677315909524 -7.579978359968453 -7.558375138113752 -7.536725671368909 -7.515067537802769 -7.493366691263365 -7.4716368870949585 -7.449892437900652 -7.428108900062716 -7.406304144685507 -7.384459383832301 -7.362601622193738 -7.340702266900218 -7.318775472072095 -7.296826860250567 -7.274841538473281 -7.252826978116015 -7.23078120903602 -7.208709946323162 -7.186600919300371 -7.164468497364042 -7.142298236973421 -7.12009614042971 -7.09786714158658 -7.075601562746172 -7.05330600913852 -7.030972337162735
-12.1 -8.928251099990469 -8.912243512305537 -8.896228875787964 -8.880172851017068 -8.86409930452697 -8.848492207953253 -8.833583655688654 -8.818134968584157 -8.802432454053875 -8.786641662775573 -8.770610261926725 -8.754486833565666 -8.738509611066739 -8.722142103182293 -8.705247521335027 -8.688702099230074 -8.671714194726842 -8.654622711999183 -8.637191784920967 -8.619748572314213 -8.601875348026498 -8.584098190296997 -8.56597479254599 -8.54777148255549 -8.529263052608014 -8.510824150034855 -8.491973611361063 -8.473296187128325 -8.454136329325395 -8.435101132597378 -8.415738236778218 -8.3964229986156 -8.376807054158279 -8.357331319995494 -8.33748493796997 -8.31767116278558 -8.297769952988615 -8.277735769936642 -8.25766975781249 -8.237499488485073 -8.217289266921055 -8.196921144325078 -8.176586721361165 -8.156110587936498 -8.135593923212756 -8.115052498797828 -8.094424148034015 -8.073766661104356 -8.053035238644153 -8.032291970286645 -8.011464228541868 -7.990642220949535 -7.969719096527174 -7.948773054543375 -7.927815893769991 -7.906801999341072 -7.8857698020559885 -7.864687451565716 -7.84358744904318 -7.822425179019724 -7.801233218289763 -7.780045596540118 -7.758800105962437 -7.7375440298201 -7.7162455784604145 -7.694929739285574 -7.673562903873575 -7.652202130624701 -7.63078541314023 -7.609344189945253 -7.5878848206326905 -7.56639132746644 -7.544878681713482 -7.523330242171287 -7.5017683930910195 -7.480161944127805 -7.458547042056521 -7.43689091710252 -7.415206795374764 -7.393508449841039 -7.371772335660618 -7.350015654184514 -7.328220300320261 -7.306412278323942 -7.284564034370541 -7.262689194512691 -7.24079316884825 -7.218861594367667 -7.196901533039221 -7.174911275892891 -7.152896261430958 -7.1308446467316555 -7.108770266377112 -7.0866591791399 -7.064517163677119 -7.0423489632352085 -7.020145232134084 -6.997912328990701 -6.9756423808455335 -6.95334636167551 -6.93101197354507
-12.0 -8.842652455290725 -8.8264328099148 -8.810197113779774 -8.794413261147799 -8.779304931462034 -8.763672765830014 -8.747794883917388 -8.731831893538434 -8.71563402437003 -8.699346847585833 -8.683202270036503 -8.666678514990695 -8.649645770651393 -8.632951361632566 -8.615827004013779 -8.598603476432448 -8.581053572600267 -8.563490310858697 -8.545513969911083 -8.527628647628452 -8.50941160648336 -8.491115878592092 -8.472527606171333 -8.454005920945551 -8.435088132178722 -8.4163380449205 -8.397122089217232 -8.378027637250064 -8.35861859409707 -8.339253403234693 -8.319600990951223 -8.30008373023384 -8.280208613562474 -8.2603661816889 -8.24044021497018 -8.220385597556358 -8.20030088880447 -8.180116465636551 -8.159893945407333 -8.139519003772431 -8.11917674119684 -8.098698807407647 -8.078182081768077 -8.057641745987658 -8.037017039098384 -8.016364931246459 -7.995641981175215 -7.974907829713059 -7.954092581250459 -7.933282901964966 -7.912375327742542 -7.891446236793109 -7.8705065499473665 -7.849512450785653 -7.828500784441496 -7.807440948910828 -7.786364136681867 -7.765227127342897 -7.744061592439668 -7.722900363992793 -7.7016835123831955 -7.680456482462944 -7.659188684129442 -7.637904143558089 -7.616570522841442 -7.595242678011051 -7.5738609857346 -7.5524556654060815 -7.531032506948437 -7.509576618817874 -7.488102287975198 -7.466593443277107 -7.445071622799464 -7.42350680195821 -7.401933742993516 -7.380320912008738 -7.358681023493022 -7.33702732831497 -7.315337152614104 -7.293627049578573 -7.271879576353118 -7.250119768208368 -7.228321079057196 -7.206496623714366 -7.184651606764984 -7.162772179883686 -7.1408650084982535 -7.118928637741314 -7.096968238272426 -7.074972383218259 -7.0529543884261905 -7.030900801334222 -7.008817184082258 -6.98670809530064 -6.96456451283527 -6.942392556230058 -6.920184616593752 -6.897951271222885 -6.875680638645453 -6.853381067194225 -6.831044940209503
-11.899999999999999 -8.75613340515598 -8.740176477861494 -8.724872699352627 -8.709061187232289 -8.69301202726744 -8.676880986187888 -8.66052078413023 -8.644074046623487 -8.627766516628702 -8.611090736620161 -8.593923653147979 -8.577084474527998 -8.559827612188025 -8.542475938681251 -8.524810636882728 -8.50713100014639 -8.489054749016429 -8.471064675799873 -8.452756988061521 -8.434371837553414 -8.415706340508532 -8.397104616363531 -8.378121828513466 -8.359301532664132 -8.340031389748491 -8.320879715709642 -8.301426119259695 -8.282012711666285 -8.262325105777592 -8.242767776553814 -8.222864938551517 -8.202994864143193 -8.183045019530029 -8.162970695317728 -8.142867957225237 -8.1226698863847 -8.102435508022985 -8.082053991888325 -8.06170417108976 -8.04122450159471 -8.020707717227303 -8.000168430981963 -7.979547237131326 -7.9589003153233415 -7.938185533856429 -7.917460172745311 -7.8966569706755445 -7.875859179376062 -7.854966600904233 -7.834053857794033 -7.813131024385989 -7.792156019181428 -7.771164158210973 -7.750126044071964 -7.729071607078858 -7.707958973271188 -7.6868189411959476 -7.665683187233115 -7.644493981037536 -7.62329499331667 -7.602056792443348 -7.5808024769155935 -7.559500936294889 -7.538204899824154 -7.516857046579201 -7.495486418787258 -7.474098256184789 -7.4526787173848685 -7.431241428410319 -7.4097708697412745 -7.388287761693134 -7.366763207653433 -7.345230631097617 -7.3236596942825045 -7.302062617299536 -7.28045214609434 -7.258806450469678 -7.2371414566110905 -7.215440363612516 -7.193727268639209 -7.171976602514522 -7.150200985328176 -7.128405422946048 -7.106576566644542 -7.084720697952682 -7.062836609092378 -7.040929211472959 -7.018987482663186 -6.997024235626701 -6.9750264929288255 -6.95299960719693 -6.930947958342018 -6.908862839278528 -6.886750137911795 -6.864602502849412 -6.842430126323137 -6.820221532730019 -6.797984765023455 -6.775848826341002 -6.7543573633483325 -6.733403710185826
-11.8 -8.67029040620697 -8.654303707405253 -8.638087375481227 -8.621792438970934 -8.605274036797317 -8.588671914490238 -8.572205812976089 -8.555382200944493 -8.538084568402216 -8.521104793611354 -8.503719327344347 -8.486243353902356 -8.468466179332276 -8.450673781908872 -8.43250077099546 -8.414409296921098 -8.396013900425306 -8.377542260750483 -8.358802100567154 -8.340123019886438 -8.321077431922584 -8.30218932344963 -8.282866857269408 -8.26365994342844 -8.24416334698627 -8.224703413454113 -8.204981854483995 -8.18538587569094 -8.165456302146547 -8.145559571528082 -8.125586703700016 -8.105493379942256 -8.08537326104342 -8.065162034393678 -8.044916225926876 -8.02452837286763 -8.004171267201727 -7.983689924810649 -7.963173083840815 -7.942634809149289 -7.922017001240061 -7.901375077949916 -7.880668169950304 -7.859951281913961 -7.839159691985258 -7.818373360750489 -7.7974952391193035 -7.77659825746475 -7.755691674195414 -7.734735080942296 -7.713762319609313 -7.692745154818589 -7.671712299930747 -7.650623180106005 -7.62950775224206 -7.6083965779795415 -7.587234049366598 -7.566062125532201 -7.544852493272869 -7.523627356076128 -7.502356788963586 -7.481091468078576 -7.459776296182634 -7.438439179242478 -7.417084825811394 -7.395700409434766 -7.37429891799268 -7.3528653655329235 -7.33141968236495 -7.309934062842529 -7.288440636436156 -7.266910222630344 -7.245354563940976 -7.2237859181977955 -7.202183272049899 -7.1805619453978915 -7.158905759333664 -7.137237903205774 -7.115533754427423 -7.0938054545476215 -7.072057817364696 -7.05027797887698 -7.028471849120749 -7.006638460459664 -6.984782473485331 -6.962893258717843 -6.940983141842632 -6.919039607142079 -6.897067804606535 -6.875071941223405 -6.853043616565355 -6.830988494218932 -6.808899473735671 -6.786786373762909 -6.7646381140099 -6.742503414830847 -6.720932959356821 -6.699945518921875 -6.679354796062973 -6.659044573010458 -6.63897260757064
-11.7 -8.583024426370065 -8.56656974848166 -8.549897268737828 -8.53314391860351 -8.516523597811869 -8.499556311229401 -8.482131881189105 -8.465015634514254 -8.44750541303171 -8.42990892869861 -8.412023349643931 -8.394121742966322 -8.37585506423202 -8.357665473626522 -8.339185245564344 -8.320629986899757 -8.301817667637716 -8.283063850536578 -8.263957608783477 -8.245004024680892 -8.22563105215926 -8.206370829690647 -8.186832745750209 -8.167327931885328 -8.147573626703478 -8.127940378268542 -8.107985027547974 -8.088062599344255 -8.068067538767535 -8.047955902533532 -8.027819032737932 -8.007595127942883 -7.987338304989898 -7.9669443456731575 -7.946580220528741 -7.926097266218133 -7.905580370709222 -7.885043070699007 -7.864428525341482 -7.843791418505617 -7.823092097414769 -7.8023833743734 -7.781602974878071 -7.76082768809923 -7.739963499835727 -7.719081709962475 -7.698190790628474 -7.677251946529768 -7.656297598843567 -7.635300632804596 -7.614288588755864 -7.593222144922083 -7.572130447006148 -7.551042981688872 -7.5299061885679 -7.508760376061374 -7.487578310365026 -7.466381331740705 -7.4451406597058885 -7.423904989094653 -7.402621369582878 -7.381316610721238 -7.359994908400078 -7.33864441669475 -7.317277507561175 -7.295879710947643 -7.274470194244127 -7.253022206566625 -7.23156662711332 -7.210075394489861 -7.188559790053695 -7.167031599949049 -7.145470601372386 -7.123891528204144 -7.102278803935433 -7.080654739776084 -7.058995629939829 -7.0373131532809845 -7.01561193803617 -6.993879590263329 -6.97212166066719 -6.950337414879941 -6.928531270941387 -6.9066929809617505 -6.884834398693112 -6.862943456869271 -6.841025109583924 -6.819083396589773 -6.797110215766571 -6.77511101357911 -6.753078933992845 -6.731023433400769 -6.708933816321522 -6.687312473579669 -6.666235629590689 -6.645560658422473 -6.625221347434601 -6.605088271877285 -6.585081565592593 -6.5653398944589085 -6.5515807206962124
-11.6 -8.494393951075029 -8.477493504398234 -8.46072328134215 -8.443616436450135 -8.426068917202109 -8.408820268968155 -8.39118908482593 -8.373475818089462 -8.355485242972225 -8.337477912914734 -8.319120597832944 -8.300836107382196 -8.282273862887898 -8.263637790956569 -8.24475575840537 -8.22592976203296 -8.206764959739846 -8.187748177704213 -8.168326468592165 -8.149014817518449 -8.129436717790362 -8.10988862411417 -8.090102746058301 -8.070433569088106 -8.050453372296557 -8.030506177620373 -8.010489730731024 -7.990360449072049 -7.970207439828112 -7.949971320483462 -7.9297038863740745 -7.909304044627169 -7.888933157506673 -7.8684486504384585 -7.8479317023924065 -7.8273953412884065 -7.806783938762672 -7.7861514717251765 -7.765459459478508 -7.744758602460409 -7.723988984118149 -7.703224338388759 -7.682373575324958 -7.661506424132848 -7.6406305994968164 -7.619708860829064 -7.598772260417434 -7.577794763856413 -7.556802781133746 -7.535758198753048 -7.514689380789181 -7.493624777626005 -7.472512803600625 -7.451392175595678 -7.430236701210393 -7.409066888386342 -7.387855061221738 -7.3666480031306465 -7.3453948358921455 -7.324121311422788 -7.302831130985716 -7.281513395614642 -7.260179882981213 -7.238816621662784 -7.217442042542792 -7.196030414111089 -7.174611407985968 -7.153158044623857 -7.131681160232213 -7.110192085317375 -7.088671361857473 -7.06713315751623 -7.045562478951661 -7.023980788285752 -7.002365267296359 -6.980727147642631 -6.959070878356198 -6.937384521123332 -6.915673279225828 -6.893936644773387 -6.8721788013476806 -6.850389871430295 -6.828581251910727 -6.80674131086866 -6.784874813101223 -6.762985636703373 -6.741065969581334 -6.71912104814526 -6.697144254279211 -6.675144693288078 -6.653433362793039 -6.6322800462192655 -6.611579891138697 -6.591171729213945 -6.570967524299242 -6.550938780841536 -6.531090698697227 -6.519528691942371 -6.514908571817238 -6.512447037281806 -6.510847607804933
-11.5 -8.404808240483279 -8.387565906971203 -8.369898959130891 -8.352521921315901 -8.334773507240355 -8.31694712280731 -8.298854897572797 -8.280745262111877 -8.262300279905302 -8.24392403706284 -8.22528252805554 -8.206568383189921 -8.187619024229846 -8.168723342277724 -8.149502019350699 -8.130424257627308 -8.110955534483045 -8.091594283747746 -8.07197759928451 -8.05238778143793 -8.03257147050838 -8.012867667557792 -7.992863528755754 -7.972892471447756 -7.952855420878786 -7.932709141029679 -7.912540585520195 -7.892292701308582 -7.8720150472232495 -7.851609540113259 -7.831232140725924 -7.810746138269124 -7.790229139627178 -7.7696936827385885 -7.7490853069508905 -7.728457308399826 -7.707772335328235 -7.687079054366302 -7.666319820186523 -7.645565424171244 -7.624727593285315 -7.603874544083615 -7.583013261713446 -7.562108003655773 -7.541188503600048 -7.520229768399451 -7.499257119087172 -7.4782336069241016 -7.457186843044993 -7.436144279090364 -7.415056233352746 -7.393959888672049 -7.372830057082922 -7.351686444237252 -7.330502439949633 -7.309322984204768 -7.288099198037781 -7.266855813452389 -7.245596054635667 -7.224309936844682 -7.203008664527635 -7.1816787480208415 -7.160337907437243 -7.138961396079108 -7.117577719627501 -7.096160943969243 -7.074721475759271 -7.053270205526293 -7.031788414810712 -7.010289724395069 -6.988759705250461 -6.967218998821209 -6.945645645784648 -6.924050445751106 -6.902437674752224 -6.880795835914494 -6.859129796746275 -6.837439269133225 -6.815728210115561 -6.793987101481721 -6.772226898043524 -6.750436390295339 -6.728620160193206 -6.706781929635022 -6.6849141683539655 -6.663021909636522 -6.64109876683408 -6.619338785684983 -6.598149194255652 -6.57737367698887 -6.556892528245599 -6.536660526229718 -6.516578813299722 -6.49680014739326 -6.487520584830106 -6.483468039701667 -6.481265052531684 -6.479789092265107 -6.478312014327362 -6.476502889526284 -6.477966636113625
-11.399999999999999 -8.313625243089291 -8.296123765362994 -8.278261790964399 -8.260325886908257 -8.242135292744656 -8.223926699948763 -8.205396956105128 -8.186932037784656 -8.16821395204939 -8.14942440848419 -8.130410050639355 -8.111447113042718 -8.092171255928106 -8.073034673314607 -8.053520611600161 -8.034111539260106 -8.01445766067105 -7.994827629712374 -7.974981992832838 -7.955244828246854 -7.935217624714945 -7.9152235816310315 -7.895166686479485 -7.875004036092309 -7.854820509458739 -7.834561296326259 -7.814273801454215 -7.793862839377529 -7.773479169744035 -7.752991727499047 -7.732474680142596 -7.711940093848208 -7.691334632282007 -7.670710936177877 -7.650032740896773 -7.629346754911432 -7.608597520036734 -7.587852994321346 -7.567027617554626 -7.546188149870469 -7.525340873950462 -7.504451490381135 -7.483548463016925 -7.462607802010647 -7.4416537795942945 -7.420650569519225 -7.399625057799448 -7.378603733786064 -7.3575387509568735 -7.336465813932466 -7.315360703238925 -7.29424235140062 -7.273085176133947 -7.251932340093269 -7.230736892685232 -7.209522582665798 -7.188292174213601 -7.167036564914061 -7.145766406474793 -7.124468674526549 -7.103160403469505 -7.081817797692286 -7.060468237525436 -7.039086798726452 -7.017683473583192 -6.996268727916339 -6.974824558166265 -6.953364057097033 -6.931873341527866 -6.910372259983887 -6.888839683965204 -6.867285995821243 -6.845715304634973 -6.824116541038939 -6.802494248153122 -6.780848351033679 -6.759182587915179 -6.7374877889933975 -6.715774481491354 -6.694031865574231 -6.672264346664287 -6.650475495803116 -6.6286580564422835 -6.60681686553406 -6.585051425408605 -6.5637893311295405 -6.542938517459402 -6.522436362795766 -6.5021479899579875 -6.482002559953743 -6.463257086679333 -6.455496424659555 -6.451931379477491 -6.4499881630689195 -6.448559116136584 -6.447107522060095 -6.445595541377347 -6.447662735013287 -6.4507483156691015 -6.453802229533405 -6.457640000401665
-11.3 -8.221656990418596 -8.203615095684851 -8.185329347060012 -8.167025073392878 -8.14841340844345 -8.129862819979545 -8.111070780473439 -8.092208445853364 -8.0731313570241 -8.054103529842093 -8.034775071549802 -8.015581767545228 -7.9960239958308765 -7.9765688293579675 -7.95687910710615 -7.937210329894231 -7.917336441232518 -7.897567141554054 -7.877517724101952 -7.857501545443273 -7.837425541573105 -7.8172471289795915 -7.797049188572114 -7.776779068923941 -7.756482100637621 -7.7360658874184365 -7.715676181985716 -7.695187353810923 -7.674670259562396 -7.654136511294491 -7.633533854956811 -7.6129143004540225 -7.59224262974124 -7.571563666411262 -7.550824057944106 -7.530089034868621 -7.509275648921017 -7.488449258283837 -7.467615469400591 -7.446741372664389 -7.425854209351377 -7.404930956085194 -7.383994875218851 -7.36301122197067 -7.342006184196319 -7.321005324323218 -7.299962564242088 -7.278912184524417 -7.257830899262069 -7.2367368961536895 -7.21560558404916 -7.194478412490965 -7.173310290329367 -7.152124018688087 -7.13092191832369 -7.109695738096051 -7.088455596879546 -7.067188919543378 -7.045912079154761 -7.024602198303806 -7.003285571498184 -6.981938249674871 -6.960569825528103 -6.939190355047486 -6.917782525476836 -6.896358919948269 -6.87490618306176 -6.853443397521447 -6.831950238175102 -6.8104366845368 -6.788906684637097 -6.767349582943873 -6.745769609305101 -6.724166895444112 -6.702544968341683 -6.680894995876138 -6.659227091865891 -6.637530853602153 -6.615810516129702 -6.5940695048516424 -6.572300828929422 -6.550540798215085 -6.529214896979476 -6.5083440578850595 -6.487774773715572 -6.467425501220556 -6.447257465321277 -6.4300532638811 -6.423418351430861 -6.420331290409517 -6.41858391990852 -6.417221964575662 -6.415749823962007 -6.414749497138738 -6.417224160138205 -6.420439564617439 -6.423491126247023 -6.427812680484784 -6.4330723762126265 -6.438377420966646 -6.44473820782943
-11.2 -8.128439916867876 -8.110043165788994 -8.091352354335257 -8.072719028696259 -8.053855593065485 -8.034923008153449 -8.015785396515282 -7.996694981977077 -7.977315802233059 -7.95806781732038 -7.938467917587714 -7.918968334270517 -7.8992440790440925 -7.879537978698835 -7.85963688004179 -7.839836634478787 -7.8197658277936615 -7.799728337474797 -7.7796339378516555 -7.7594403523512705 -7.739228538001688 -7.718947920914625 -7.698641834958533 -7.678220567955249 -7.657825053720284 -7.637334891760707 -7.616817752384546 -7.596284810611564 -7.575684853975179 -7.555069285337326 -7.534403894001202 -7.5137316896238096 -7.493001346438277 -7.472275469915117 -7.451473626021296 -7.430659823725876 -7.409839018631671 -7.388979639281165 -7.368107750145217 -7.347201258606142 -7.326282454846916 -7.305317635759028 -7.284332317157994 -7.263351168838318 -7.242329816309448 -7.22130116862975 -7.200242839541764 -7.179172299369315 -7.158065912367958 -7.136963477320998 -7.115821695540697 -7.094662455093235 -7.07348764942145 -7.052289848445876 -7.031078657543171 -7.009841935175309 -6.988595416780458 -6.967317111109868 -6.9460322653166875 -6.92471787169984 -6.903383137722545 -6.8820377240267545 -6.860664985135666 -6.83927701245795 -6.8178609607117 -6.796435173211787 -6.774980101291354 -6.753505335689649 -6.73201466912519 -6.710497846502135 -6.6889587952409535 -6.66739784733641 -6.645818325881062 -6.624211725894421 -6.6025877616625905 -6.580936415267695 -6.559261757380147 -6.537567072857046 -6.515845628669643 -6.494483633279723 -6.473540164900231 -6.452911052945531 -6.432535873370082 -6.412322734040915 -6.39703220237411 -6.391354465087982 -6.38862478255269 -6.387050810767904 -6.385754428125796 -6.384212166959241 -6.3839066569998595 -6.386691298695951 -6.3899988520821465 -6.393046441675077 -6.397884938329452 -6.403187353402451 -6.408798477222915 -6.415260290247113 -6.421985858837374 -6.429123345188924 -6.436777779873317
-11.1 -8.034216445877007 -8.015503243114122 -7.996570903407499 -7.977570541979061 -7.958374556035843 -7.939223792739504 -7.919795718256729 -7.900495034307532 -7.880854542342384 -7.8613121697782535 -7.841554652929165 -7.8218126093616 -7.8018853105386325 -7.782055271484181 -7.761963874514332 -7.7419058705653505 -7.721793765619633 -7.701585577790265 -7.681360412105034 -7.6610696935549285 -7.64075483424717 -7.620328704465697 -7.599927601107189 -7.579436155824933 -7.55891897302862 -7.538386807236737 -7.517789448178725 -7.49717771468846 -7.476518365427301 -7.455852664768878 -7.435131237309349 -7.414414162628361 -7.393623426317005 -7.37282173916764 -7.3520134305238845 -7.331168217037583 -7.310311030688231 -7.289420675006135 -7.268518504519312 -7.247571819212802 -7.226605488149712 -7.205643321722211 -7.184642586219532 -7.163634870110053 -7.142598653872829 -7.121550717067687 -7.100468344660703 -7.079389745181141 -7.058273347353686 -7.0371401597314165 -7.015991664077991 -6.994821221997898 -6.97363794413861 -6.952430107320131 -6.931212832383184 -6.909964983045367 -6.888710796516761 -6.867428173517023 -6.846125950232197 -6.824813406046662 -6.803474539816243 -6.782120968656124 -6.760740340150296 -6.7393502839854955 -6.717932001739739 -6.696494709071395 -6.675042048971114 -6.653564153658984 -6.6320646586983845 -6.610544090072211 -6.58900557416247 -6.5674409227796575 -6.545859464232113 -6.524251553276833 -6.502621102058265 -6.480971259852817 -6.459542763025032 -6.438542501299177 -6.41788986610217 -6.397466217892073 -6.377194678529511 -6.364142349611369 -6.359226759838432 -6.356818683563075 -6.355409276331342 -6.354119336117554 -6.35255892217153 -6.35301205418842 -6.356066627657583 -6.359427984638046 -6.362694180247716 -6.367837395464108 -6.373205136957077 -6.37912463492543 -6.385665754963187 -6.392640730219963 -6.399932502675784 -6.407703681636565 -6.415767038587701 -6.424058223059649 -6.432609714018926
-11.0 -7.939219158820229 -7.920153427730339 -7.900901156509426 -7.881692219760959 -7.862217024618689 -7.842865565408964 -7.823185971275743 -7.803602387944673 -7.7838128419878165 -7.76403619249245 -7.744083671842367 -7.724224955441876 -7.704113741811505 -7.6840359968098575 -7.663906854824583 -7.643684616853025 -7.623446605523849 -7.603146168625958 -7.582822869070765 -7.562392061283838 -7.541985581300665 -7.521492901506916 -7.500975676942061 -7.48044425761583 -7.45984939735297 -7.439241353217206 -7.418587816471285 -7.397928372609933 -7.377215522678375 -7.356506916300373 -7.335726867138646 -7.314936837176769 -7.294140553279957 -7.273308971760081 -7.252465934986279 -7.231591109111007 -7.210704948349181 -7.189775718396782 -7.168827666036447 -7.147883774444573 -7.126902889780669 -7.105915329257041 -7.084900408164715 -7.063874241082299 -7.042815000014138 -7.021759361914298 -7.000667419784508 -6.97955933519123 -6.958436193384687 -6.937292119108947 -6.91613574648969 -6.894955755880748 -6.873766675889632 -6.852548194849961 -6.831323576388149 -6.810071597580014 -6.7888007368824335 -6.767519906120164 -6.74621372611528 -6.7248933566416325 -6.703546921311605 -6.682191361272243 -6.660808602734542 -6.63940749960291 -6.61799155056823 -6.596551262330788 -6.575089988891856 -6.553608444055914 -6.532109564483198 -6.510585468622929 -6.489045112037888 -6.467479210271287 -6.445891522634317 -6.424427280829736 -6.403400895071093 -6.382691683093325 -6.362207518433932 -6.341918770648 -6.331306239433764 -6.327036607346717 -6.324948919013068 -6.323628480290796 -6.322369441910959 -6.3207521431177645 -6.3220721792748655 -6.325316846099449 -6.328713105090863 -6.332317752580312 -6.337671224888074 -6.3430818684753 -6.349332692514754 -6.355933396366356 -6.363172153241107 -6.370648129131716 -6.37851160630275 -6.386760660087033 -6.395220755409927 -6.403922041201577 -6.412812544427239 -6.421902082484907 -6.431107291578013
-10.899999999999999 -7.843367453214534 -7.824102455494966 -7.804581861616496 -7.785181493442983 -7.765464242032365 -7.745840977944101 -7.72602059711049 -7.706210637012984 -7.686233841889127 -7.6663475286489255 -7.646217247100165 -7.626120508628636 -7.605974976148873 -7.585739222178443 -7.565488854308016 -7.545179069568496 -7.524847651878184 -7.504412344749804 -7.48400069360531 -7.463506826493649 -7.442989561757121 -7.422458860359317 -7.40186640338081 -7.381261907631898 -7.360613961429063 -7.339960535590154 -7.319255936123625 -7.298555475464053 -7.277785706789289 -7.257006891006762 -7.236222175499221 -7.215403709351744 -7.1945742867986375 -7.173714404155608 -7.152843649514945 -7.1319312180792505 -7.111000758022255 -7.090074456464493 -7.069112680427304 -7.048144523637119 -7.027150105249274 -7.0061448998288975 -6.98510793375783 -6.964074409291482 -6.943006022466387 -6.921922119384694 -6.900823403485909 -6.879704734935223 -6.858574288989542 -6.837421135121492 -6.816259231408467 -6.795069061291178 -6.773872950126771 -6.752650520157464 -6.731409905256905 -6.710159662998113 -6.688885014384868 -6.667596678325935 -6.646283238042271 -6.62496097055674 -6.603612501734832 -6.582246336687411 -6.56086583507817 -6.53946186554129 -6.518037510535003 -6.496593665639336 -6.475133084592268 -6.453648182533302 -6.432147555186136 -6.4106222672261515 -6.389156848543697 -6.368075515899913 -6.347309605137123 -6.326810214479005 -6.307056957900264 -6.29850104260418 -6.294813714675546 -6.292963804078392 -6.291742538248063 -6.29050076089087 -6.288952104201949 -6.2910644480086235 -6.29447400232288 -6.2978951210248475 -6.301885193845848 -6.307427548566259 -6.3128652176045295 -6.319458874737702 -6.3261549817096885 -6.333608083270497 -6.341260034759779 -6.349287078209595 -6.3576299652623085 -6.366275601005672 -6.375116029181552 -6.384201002903842 -6.393411364380888 -6.4027925959697995 -6.412260440653584 -6.421892559891307 -6.431553419038327
-10.8 -7.74689230553952 -7.727444837926556 -7.707691329568837 -7.688029866975262 -7.668179807813031 -7.648337791166647 -7.628337638475609 -7.608424773907661 -7.588276148766268 -7.568161139893397 -7.547999842154223 -7.527751088647034 -7.507488837087679 -7.4871700626645135 -7.466830838189416 -7.446391204403624 -7.425974580674794 -7.405479571855633 -7.3849622684907175 -7.364432257441509 -7.3438421114394306 -7.323241027832984 -7.302598457628872 -7.281950819014686 -7.261254153854537 -7.240561527058735 -7.219801645699215 -7.199033615739369 -7.178260027306953 -7.1574541769063345 -7.136637850735613 -7.11579234386277 -7.09493641131934 -7.074040142768508 -7.053126610662362 -7.032217236217268 -7.011273850178321 -6.990324369019805 -6.96934968577646 -6.948364659166615 -6.927349138287319 -6.906336905796013 -6.885291201390986 -6.864230586243281 -6.843155396227867 -6.822061200030586 -6.800955731145795 -6.779828434156833 -6.7586927176602645 -6.737529831531509 -6.716361197136904 -6.695167251566335 -6.673955796858522 -6.652735049255471 -6.631490808739904 -6.610233369358772 -6.588951757941239 -6.567661611130021 -6.5463462301029445 -6.525013783772657 -6.503667497893672 -6.482298590780975 -6.4609098830931755 -6.43950244626356 -6.418078857718263 -6.396631819547459 -6.375169580214214 -6.353707736638828 -6.3325796651684385 -6.311798429459942 -6.291248216786536 -6.272849181184257 -6.265713304397552 -6.262519002110762 -6.260864518110619 -6.259752676036816 -6.258470495043801 -6.25737255928689 -6.259976721593911 -6.263508052415218 -6.2669213874045315 -6.271384540255237 -6.2770401044578 -6.282671349261929 -6.289460529494997 -6.296323074823195 -6.303906959852621 -6.311771870520617 -6.319953001378993 -6.3284549782572315 -6.337237518895068 -6.346254751047155 -6.355462317796484 -6.364823872857097 -6.374340447681079 -6.383996606062464 -6.393718282736916 -6.403562592777376 -6.413388943293615 -6.423312170083779 -6.433250704280029
-10.7 -7.649869147085434 -7.630170921250651 -7.610292303268099 -7.590419443592735 -7.570396820362221 -7.550458415659985 -7.530292147321293 -7.510159567100955 -7.489983108471083 -7.469721854582645 -7.449448176285748 -7.429120758257543 -7.408774027822555 -7.388330234215776 -7.367908829746449 -7.34741272328237 -7.326895382779977 -7.306366035435545 -7.285778111233441 -7.2651803081433695 -7.2445429066571565 -7.2239008322716165 -7.203211795925791 -7.182526701637231 -7.161776327623828 -7.141018669472154 -7.120255781530897 -7.099462063871827 -7.078658333408047 -7.057826653576803 -7.036984978305764 -7.016104257809762 -6.995207010938833 -6.974313922168007 -6.953388230665751 -6.932456720380172 -6.911501029187964 -6.890535423341023 -6.869540543973475 -6.8485488074982275 -6.827524939744891 -6.806486746513825 -6.785434209912123 -6.76436358105455 -6.74328216824067 -6.722179777560339 -6.701069288533155 -6.679932689626897 -6.658790531470519 -6.6376240365482415 -6.616440687419622 -6.595248371532863 -6.574033447227185 -6.552805799221916 -6.531554882374138 -6.510295716021984 -6.489012252950967 -6.467712338107995 -6.446399068303124 -6.4250639995751 -6.403709700251641 -6.382337411823498 -6.3609495418269395 -6.339539069776201 -6.318113909122902 -6.296957055850995 -6.276121729975347 -6.255525400872156 -6.238958810380418 -6.232929289830354 -6.230151787199563 -6.22869476814638 -6.227615379472347 -6.226325451279402 -6.225837181234446 -6.22881270009375 -6.23244655518351 -6.235823671608348 -6.240811289732692 -6.246541962600484 -6.252439723659681 -6.259340115113963 -6.266441156743752 -6.274084432609493 -6.28217931055961 -6.290513393684584 -6.2991862468247595 -6.308098045589 -6.317277055405548 -6.326606910646271 -6.336136212668707 -6.3457782277574735 -6.355614931328025 -6.365459457179211 -6.375421438006631 -6.38543378537803 -6.395470051570703 -6.4055637006341035 -6.415627341228596 -6.425730229543461 -6.435786058414919
-10.6 -7.5523598533977 -7.532457324455713 -7.512413088427381 -7.492450121168176 -7.472266886600139 -7.452117410587152 -7.431926375025595 -7.411653102989586 -7.391368439363881 -7.371032712005048 -7.350678766151519 -7.330230973847801 -7.309804973905125 -7.289307812346963 -7.268790436146837 -7.248261726777554 -7.227675938257539 -7.207081288568851 -7.186448855615414 -7.16581213008484 -7.145130427484556 -7.124452574607348 -7.103711340877654 -7.082963654543966 -7.062211054917544 -7.04142900325582 -7.020637384620958 -6.9998190014436314 -6.978991037423836 -6.958125270534071 -6.937243687391319 -6.916366263923383 -6.895457594224973 -6.874543372966191 -6.853605954759394 -6.832659035999525 -6.811684020148247 -6.790712009010613 -6.769709158830889 -6.748692548643694 -6.7276618201429805 -6.706613881578967 -6.685555632094665 -6.664477226082368 -6.643391033752412 -6.622279755144635 -6.601163102391523 -6.580023054776439 -6.558866787348666 -6.5377018709206 -6.516515202143097 -6.495316271477733 -6.4740949466488535 -6.452865652101565 -6.431612969161453 -6.410344430682316 -6.389063009342773 -6.367760587246246 -6.346439489585218 -6.32510112224086 -6.303747729094248 -6.282372557773451 -6.261171451100363 -6.240291067266326 -6.21967773206809 -6.205256110864156 -6.200109167168552 -6.197739280694365 -6.19642697187966 -6.195377299222168 -6.194056638076064 -6.194297294221504 -6.197560720920325 -6.2012647475926705 -6.20474509873762 -6.21015220969287 -6.215938658849625 -6.222124665550874 -6.22911415236199 -6.236456702657554 -6.244190924393551 -6.252464239728735 -6.260993766604741 -6.269800533282262 -6.278880564956353 -6.2881683775879536 -6.297659961395861 -6.307325316536114 -6.31713510107688 -6.327096891336827 -6.337093066176895 -6.347184938454738 -6.3573556974436265 -6.3675129855049395 -6.377752637308463 -6.387986023721268 -6.39822228285113 -6.408429329196242 -6.418614678922941 -6.428789986610285 -6.438917126045784
-10.5 -7.454388086865112 -7.434401501734628 -7.414201954995039 -7.394036235773915 -7.37383118729721 -7.3535463628184266 -7.333251140095307 -7.312907426156299 -7.292546545388114 -7.2720949099365955 -7.251664493369988 -7.23116631779347 -7.2106489072854405 -7.190120811053704 -7.1695370750824114 -7.148945456082284 -7.12831779840156 -7.107686213792326 -7.087011560044332 -7.066340667501177 -7.045608219597626 -7.02487011879135 -7.004127409381104 -6.98335657286564 -6.9625765986039445 -6.9417709996299894 -6.920956219236442 -6.900104831451433 -6.879238311294767 -6.858375953393172 -6.837483655037828 -6.816586063422246 -6.795666222702057 -6.774737281269881 -6.753781376157349 -6.732828344513715 -6.711845719064124 -6.690849879745123 -6.6698401407583505 -6.648814042982725 -6.627778091922943 -6.606722777465332 -6.585659979652595 -6.564573083889016 -6.543480995053031 -6.5223664214813235 -6.501236242301072 -6.4800977234725545 -6.458938280487066 -6.437767024159499 -6.416574220339059 -6.395373720331095 -6.3741507115687455 -6.352912426329128 -6.331661717822625 -6.31039078285728 -6.2891017124151 -6.2677960712311975 -6.246475945580349 -6.225242928881027 -6.204348272503215 -6.183689761748425 -6.171656985000425 -6.167280563600358 -6.165241844354504 -6.16405857843854 -6.163039601903594 -6.161636049269822 -6.162733899835113 -6.166242563553739 -6.169970767043658 -6.173721104731369 -6.17939499490882 -6.185210538388911 -6.191722313253083 -6.198786247208337 -6.2063644831502796 -6.214267256949848 -6.222623878359501 -6.231348140116365 -6.24030718475629 -6.249538750296923 -6.25895466906817 -6.26862012133175 -6.278414823563358 -6.288366989356583 -6.29848801336485 -6.308611777637721 -6.318863228325536 -6.329130137235588 -6.339471781994822 -6.349825940601501 -6.360233284293985 -6.370581701510226 -6.380940203882312 -6.391260744498438 -6.401567641524606 -6.411863599824868 -6.4220465116108825 -6.43220852805601 -6.442258072170438
-10.399999999999999 -7.356098886718828 -7.335917554443005 -7.3156990376007425 -7.2954031102543615 -7.275097739858558 -7.254746350849898 -7.234378805882669 -7.213923477396703 -7.193488816798634 -7.172989666841434 -7.152472223366664 -7.131944716304488 -7.111362952658184 -7.09077424592577 -7.070151177010057 -7.04952453264393 -7.028856652779448 -7.008192449266134 -6.987468445029528 -6.96673955682965 -6.946006353278765 -6.925246296576562 -6.904477515271645 -6.883684205574829 -6.862882099161219 -6.842044535480804 -6.821192497876677 -6.800344625994015 -6.779468070320873 -6.758586470960738 -6.7376835353160605 -6.716771884893394 -6.695834362471186 -6.67489958884387 -6.653936421033941 -6.632960566629223 -6.6119710248344035 -6.5909659454245375 -6.569951455274242 -6.548918367346111 -6.527878090041547 -6.506814668723801 -6.485746231276469 -6.464656188182998 -6.443551133862506 -6.422438040837973 -6.401304824538605 -6.380160230291106 -6.358994907743074 -6.337822156162011 -6.316627747287839 -6.295418623985498 -6.274197524512611 -6.252956949321114 -6.231698763839104 -6.210424686251097 -6.189198040779173 -6.168256557424707 -6.147667344725065 -6.1381677404319674 -6.134417910366529 -6.132656701584501 -6.131603650678174 -6.130564538303904 -6.129120839046553 -6.131139354446183 -6.134806667264158 -6.138570704288076 -6.1426869849179875 -6.148558061121704 -6.154366158844974 -6.161252897123777 -6.168334986057044 -6.176194507013504 -6.184258359326669 -6.192740144615846 -6.201585359358461 -6.2107195017090975 -6.220068188560803 -6.229683120794842 -6.2394593787087205 -6.2494113558281414 -6.259482775006524 -6.269752062320612 -6.28003114819616 -6.290409338091218 -6.300805815263917 -6.31130812842313 -6.321804967312837 -6.332334555996237 -6.342834526936392 -6.353290716318283 -6.363779534661294 -6.374214749981781 -6.3846590326640245 -6.394994042316647 -6.405309048225757 -6.41551729147983 -6.425658818606272 -6.435708173544056 -6.445619514908562
-10.3 -7.257531366386968 -7.237224770022436 -7.21690964894653 -7.196550885425482 -7.176176937437849 -7.1557180607352295 -7.135279322603221 -7.114779236502276 -7.094261761354528 -7.073734820340967 -7.053154951630111 -7.032569042925511 -7.011950382845389 -6.991328485113295 -6.970667113834644 -6.950009337572107 -6.929293446831813 -6.90857341135292 -6.887849342706244 -6.867099645622019 -6.846341621507972 -6.825560123266476 -6.804770198739873 -6.783945923210217 -6.763107807566892 -6.7422738618881715 -6.721412441551356 -6.700546218574258 -6.67965953818696 -6.658764515404725 -6.637844671845749 -6.616927458634264 -6.5959830066226806 -6.5750263769007375 -6.554056265754803 -6.533071408884362 -6.5120775690425825 -6.491065870235625 -6.470047267146017 -6.449006440480991 -6.427960770421758 -6.406894343519898 -6.385813480333362 -6.364724870999692 -6.343616912546178 -6.322497998524092 -6.301359148465781 -6.280213130059407 -6.259046278178066 -6.237865257091896 -6.216672694475867 -6.195461383663924 -6.174232972921805 -6.153007652598576 -6.1320372120886875 -6.112497592982323 -6.104728727779858 -6.101514951673641 -6.1000236962922605 -6.099035470559055 -6.097985168604475 -6.096841839881964 -6.099493721005757 -6.103298521164067 -6.107057610154014 -6.111609523958784 -6.117616186875835 -6.123538882706287 -6.130684300867124 -6.137905831642035 -6.145924340621753 -6.1541691334788435 -6.162789120944632 -6.171761682349982 -6.181037515602031 -6.190560882525293 -6.200307860366618 -6.210219146140352 -6.220301415657747 -6.230529153922636 -6.240885444736774 -6.251349741457099 -6.261820232915709 -6.272395241385305 -6.2830181099797136 -6.293655364531335 -6.304304003284785 -6.3149455483079 -6.325558454279106 -6.336187233581664 -6.346784843860657 -6.35731738180146 -6.367811767778504 -6.378254952392574 -6.388629017269375 -6.398930901482054 -6.409140495513624 -6.419203580742165 -6.42919615520997 -6.43917861210358 -6.448940203439778
-10.2 -7.158688227885717 -7.138322379744553 -7.117942280630718 -7.097479995374508 -7.077037340273762 -7.056536354902735 -7.036018849329639 -7.015492452068135 -6.994914403661656 -6.974331182814438 -6.953716758043917 -6.9330994202188 -6.91244430164465 -6.891792700129503 -6.871084604391521 -6.8503730744472175 -6.829657782808076 -6.808918039900122 -6.788170352468292 -6.767400204539576 -6.74662198692919 -6.725810482180725 -6.7049857472734775 -6.684165187250645 -6.663318315724065 -6.642466874281197 -6.621595821418636 -6.600716785350849 -6.579813940525766 -6.558913613501389 -6.537987160173263 -6.51704902010508 -6.49609759833584 -6.475132194264516 -6.454158220542596 -6.43316710056614 -6.4121693526292365 -6.391150268945994 -6.370126510338386 -6.349082814163019 -6.328025237603719 -6.306960199107796 -6.285876559516662 -6.264782373880552 -6.243669018111869 -6.222548748143453 -6.201408441429382 -6.180254494120519 -6.159089427536415 -6.137906317428882 -6.116706603031428 -6.095712628183655 -6.077810702424697 -6.07130494101263 -6.0685878725311095 -6.067312652069034 -6.0663897461616285 -6.065313412485492 -6.064683569292508 -6.067780537098968 -6.071702437966088 -6.075430780822894 -6.08048807193372 -6.08657943320466 -6.092728633048838 -6.100009728500066 -6.107441713390641 -6.115522753715015 -6.12399887117419 -6.132767165982671 -6.141889015969888 -6.151286154760925 -6.160962871450212 -6.170818926774715 -6.180879398595278 -6.191095066398502 -6.2014912979497385 -6.2119457569015895 -6.222532951460422 -6.2331598228843035 -6.243863986892143 -6.2546217648948605 -6.265364396788638 -6.276166447539697 -6.286931627246006 -6.297726389664077 -6.308483899110125 -6.319229532153307 -6.329897637208391 -6.340529574984713 -6.3510931815193405 -6.361588475994682 -6.372061849120436 -6.382425919781142 -6.3926564614122094 -6.4027746824774 -6.412891818739351 -6.422848166450645 -6.432623545903647 -6.442429418178966 -6.452001265298584
-10.1 -7.059676128138601 -7.039210568978125 -7.018764151704277 -6.998262302611029 -6.977744767815351 -6.957218892811066 -6.936642592760596 -6.916061953558225 -6.895451596799703 -6.87483863884909 -6.854189526259174 -6.83354385601357 -6.812843248147523 -6.79213988891243 -6.771433029097682 -6.750702849291377 -6.729965092894317 -6.70920585038642 -6.688438881408193 -6.667639648188437 -6.6468277716787485 -6.626020075558575 -6.605187186632789 -6.584349952398383 -6.563493920895782 -6.542630252542282 -6.521743749483019 -6.500859657269573 -6.479950509697998 -6.45903014891991 -6.438096699999469 -6.4171500045422425 -6.396195138639997 -6.3752238137975725 -6.3542461286714245 -6.33324796390989 -6.312245288387833 -6.291223465805945 -6.270188300108693 -6.249145948398377 -6.228085718094805 -6.207015338591038 -6.185926529079281 -6.164831052936304 -6.143716310259608 -6.12258843922016 -6.101449858869143 -6.080293917208071 -6.059264038130823 -6.043394150309255 -6.037920016187418 -6.035612656647501 -6.034508556069694 -6.033654602069377 -6.032501843187887 -6.032570373331474 -6.036021634492228 -6.040001775196218 -6.043709139922917 -6.049293047162506 -6.055438128751379 -6.061859907539175 -6.069254767553995 -6.076895610442215 -6.085042549729807 -6.093723078709646 -6.102662754109039 -6.111920275320348 -6.121472063616263 -6.131261966304202 -6.1412536394535024 -6.151446998571073 -6.1617975915133885 -6.172334650595575 -6.182913635923019 -6.193611207204487 -6.204406172076584 -6.215209075923407 -6.226104412541082 -6.236997802565405 -6.2479336300884185 -6.258839858685966 -6.26976641611926 -6.280665973882658 -6.291544112887716 -6.302355998626137 -6.313128391993248 -6.32383438701609 -6.334457250915878 -6.345035184032541 -6.355585273140336 -6.365961116235836 -6.376240646488277 -6.386443360458906 -6.396604360627775 -6.406535554673964 -6.41644294219266 -6.426223556663162 -6.435770725601498 -6.445395516815738 -6.45467228283415
-10.0 -6.960460992517687 -6.939958313961668 -6.9194407511025755 -6.8989153776397805 -6.878340756604052 -6.85776259668056 -6.83715614669008 -6.816547395088906 -6.795904050668967 -6.775264076990546 -6.754570660916607 -6.733875149588016 -6.713176388782495 -6.692455394982779 -6.671727178436747 -6.650978412277559 -6.630222249896194 -6.60943480659924 -6.588635284549908 -6.567839948897164 -6.547020496170448 -6.5261969148346 -6.505355319569643 -6.484506421330054 -6.463635625683078 -6.442767139226654 -6.421874628121464 -6.40097136038382 -6.380055191986589 -6.359126485965856 -6.338189994929039 -6.317237707574384 -6.296279319104621 -6.275301276279922 -6.254318882528212 -6.233318104221286 -6.212304501854536 -6.191283981187475 -6.1702462795224715 -6.149198813017021 -6.1281336314421395 -6.107062024203501 -6.0859718947113794 -6.064869132966147 -6.043756059700291 -6.022707802759879 -6.00918328127111 -6.004545924724083 -6.002585197081684 -6.0016273378893175 -6.0008031782400275 -5.9996048772748685 -6.00047196799165 -6.004185293823299 -6.0082173779401264 -6.012117591046314 -6.0180290054418375 -6.024211841501573 -6.030937861185154 -6.038392304800634 -6.046277461915906 -6.054546669214412 -6.063343322274585 -6.072468138446667 -6.0818616662552465 -6.091549996514932 -6.101457425181585 -6.1116067009586965 -6.121928975962204 -6.132419735339872 -6.143097334090388 -6.153790877482676 -6.164630495964159 -6.175530596917612 -6.186479141219609 -6.197490124631107 -6.208552117294239 -6.219579585588927 -6.2306400412594565 -6.241674403134888 -6.2527202118829575 -6.263743972635873 -6.274690613437057 -6.285606289092181 -6.296441945674183 -6.307224281059229 -6.31790832768033 -6.328594512677886 -6.339137343203949 -6.349580868728534 -6.359879164042698 -6.3702014962191695 -6.380325735916931 -6.390278189443754 -6.400297874380334 -6.4099865252645705 -6.419749208463689 -6.4292167868047 -6.438685441883115 -6.44789913190018 -6.457098058882564
-9.9 -6.861107988569693 -6.840583096689268 -6.820010087858893 -6.799434308584057 -6.778831609997346 -6.75822689754155 -6.737589092129223 -6.716954588841853 -6.696268079218466 -6.675580104678647 -6.654889122089999 -6.634176950793997 -6.613457896981266 -6.592719193487183 -6.5719734114770905 -6.551197293671396 -6.53040964005929 -6.509626179277002 -6.488819635642587 -6.46800917239951 -6.44718144876137 -6.426346743902565 -6.4054910433744086 -6.384637555404492 -6.363761034550941 -6.342874197155424 -6.321974640603648 -6.301063229287267 -6.280144404949568 -6.2592104229254435 -6.238270590593906 -6.2173118992400545 -6.196349012452704 -6.175368476374836 -6.154375617506544 -6.133376099930992 -6.11236007466824 -6.091334656648146 -6.0702922139131354 -6.049243579879594 -6.028177142538264 -6.0070985532045205 -5.986056272082995 -5.975098085773713 -5.971159999678868 -5.969516192850396 -5.968677841829642 -5.967867151010772 -5.966602480107758 -5.96837373990169 -5.972269941799505 -5.9763379735962365 -5.980545412899569 -5.986696500497697 -5.992867760014266 -5.999963429819662 -6.007425012207584 -6.015595126587102 -6.024002919890311 -6.0328849993446445 -6.0421648237667025 -6.051724831745359 -6.061529470347083 -6.071591491534394 -6.081865972991181 -6.092323982862662 -6.102926391157318 -6.113752010653983 -6.124576664547268 -6.135552364559695 -6.146545747775357 -6.1576588553810065 -6.168786694722784 -6.179979095174181 -6.1911432995219755 -6.2022992137146025 -6.213476361068331 -6.2246256967958455 -6.235813147510554 -6.246885717455565 -6.257959378934723 -6.268926885903526 -6.279863473798232 -6.290689396587523 -6.301443239715108 -6.312173728925571 -6.322771504153712 -6.333223010330664 -6.34365001888702 -6.353969059382754 -6.364049668182716 -6.374202746253652 -6.384088606571452 -6.393925904826996 -6.403626254508035 -6.413157501623903 -6.422613471905986 -6.431891344499324 -6.441033975880393 -6.450124354032962 -6.458828978018621
-9.799999999999999 -6.761651735494163 -6.741078241863483 -6.7204791450231856 -6.699878310644511 -6.679245823476764 -6.658616572682696 -6.637936694595918 -6.617255957075957 -6.596572443590838 -6.575868744501714 -6.555158489973819 -6.534429450419052 -6.513693637925544 -6.492928397881509 -6.472152144109574 -6.451380089957983 -6.430585947089269 -6.409788086122837 -6.388973689477623 -6.368152621596804 -6.347311425394094 -6.3264723498784345 -6.3056111955683 -6.284740148796503 -6.26385655849599 -6.2429617710241185 -6.222059929436653 -6.201143545499565 -6.180221553857547 -6.159281469453841 -6.138337340773811 -6.11737627158921 -6.096403363530238 -6.075424048341814 -6.05442887511828 -6.033424669165 -6.012404104875829 -5.9913775770681506 -5.9703339401699305 -5.949786364296504 -5.9411078644468285 -5.937781333980561 -5.936390845221069 -5.935647321157838 -5.934839689321538 -5.933624113610827 -5.936228669483579 -5.94030896983551 -5.944365782581572 -5.948983237416005 -5.955285320728759 -5.961485104964971 -5.968897930878853 -5.976445362611029 -5.984812697911095 -5.993403028382158 -6.002408093857702 -6.011785146461547 -6.021480933967227 -6.031438794811712 -6.041648878689383 -6.052054040736582 -6.062633300539683 -6.073370370104931 -6.084281966566619 -6.0952860724169575 -6.106346418645229 -6.117491336073497 -6.128719481123967 -6.139990493502093 -6.151284036373443 -6.162584836063868 -6.173849907020623 -6.1851663183500785 -6.196454236812649 -6.20773999101626 -6.2189628693718575 -6.230161912518079 -6.24129424300219 -6.252357051661911 -6.263352677051095 -6.274213516639665 -6.285058168315391 -6.295840562978133 -6.30643648371733 -6.316953948516951 -6.3274505045181595 -6.337714729073111 -6.347960372910211 -6.358045763349001 -6.36796364095061 -6.377878586635192 -6.3874885028669395 -6.3971595403732024 -6.406537045831931 -6.415891181771959 -6.425094884344238 -6.434019662911871 -6.4430751457670805 -6.4515507069402735 -6.460361105833918
-9.7 -6.662099867392801 -6.641502755975235 -6.620875374437933 -6.600251166271936 -6.57957765492711 -6.558903865673094 -6.538227523515543 -6.517531959158556 -6.496830153741527 -6.476110393929203 -6.455384155031158 -6.434629361249854 -6.41386405565981 -6.3931029567754925 -6.372320724610873 -6.3515349685791564 -6.330733373733641 -6.309925406218938 -6.28909814448503 -6.268272916080348 -6.247426526537753 -6.226570653073435 -6.205702405941976 -6.184823594745324 -6.163938075596341 -6.1430386068301 -6.122133764919163 -6.1012115683024915 -6.080285474246022 -6.0593431227493335 -6.038389399377981 -6.017429512556001 -5.996454394320131 -5.9754705915587225 -5.954471073477899 -5.933465813106946 -5.914350822087524 -5.907186063245789 -5.904377754976023 -5.903198591942175 -5.902540865097974 -5.901695785750114 -5.900925571138496 -5.904067900014357 -5.908247352511796 -5.912284213608521 -5.917381456965722 -5.923780889680444 -5.930156043111528 -5.937757272142864 -5.945462876625309 -5.953938808677544 -5.962732523460492 -5.9718666066104715 -5.981380816319444 -5.9911970702206085 -6.001306527669607 -6.01162473200268 -6.022150803373601 -6.032852698030094 -6.043743066939774 -6.0547428028611865 -6.065884922419786 -6.077051886930044 -6.088340446857009 -6.099697902842179 -6.111063318023571 -6.122491207357626 -6.133892617289471 -6.145337819283596 -6.156765475554013 -6.1682028670349 -6.1795811114367165 -6.190937794280642 -6.202248920472987 -6.21351302733077 -6.224740167111944 -6.235873587767267 -6.246885217537935 -6.2578039187523675 -6.268766839589954 -6.279528051151603 -6.290147591703783 -6.300813028503138 -6.311229444676809 -6.321578420483141 -6.3318491224432245 -6.341861635586817 -6.351978540474689 -6.361695569820339 -6.371581063973895 -6.381007966106301 -6.390634748205867 -6.3998717073374145 -6.409082823023457 -6.418205964448573 -6.426877513274699 -6.435863983391154 -6.444434729717109 -6.452718388931649 -6.461308360593507
-9.6 -6.5624788329243495 -6.541859465310333 -6.521192065726748 -6.500524946668999 -6.479855489061758 -6.459167734403391 -6.438474040805877 -6.417763190642002 -6.397046143917081 -6.376301380661335 -6.355546588048368 -6.334796009464891 -6.314025215693677 -6.293251085214024 -6.2724617858793055 -6.2516664013696595 -6.230852524619774 -6.210040598120235 -6.189208392924293 -6.1683670972715205 -6.147513592162275 -6.126650132374214 -6.105780298401572 -6.084897085622325 -6.064008726385451 -6.04310372315143 -6.022194965020009 -6.001270607542619 -5.980335328713561 -5.959394122340376 -5.938438288771461 -5.917474107299281 -5.8964948307769305 -5.87932300614388 -5.873329220069985 -5.870942465588187 -5.8699591572815955 -5.869345576453537 -5.868480509482011 -5.868326061607778 -5.871865061775243 -5.876118962527507 -5.880131675577081 -5.885735888057416 -5.892212206326891 -5.8988221238376815 -5.906546492719437 -5.9144550280496135 -5.922988301139625 -5.931982017222001 -5.941270512546646 -5.950916156524022 -5.960868038039389 -5.971087540134751 -5.98153425248166 -5.9921745889618485 -6.003010683409522 -6.014033106737204 -6.025140243529823 -6.036366170907927 -6.047703116678881 -6.059081697436871 -6.070566730069785 -6.082042742758764 -6.093595488416122 -6.105136396161355 -6.116713909390882 -6.12827388854282 -6.139840651314648 -6.1513379479257715 -6.162816642851123 -6.174250784399556 -6.185620215252374 -6.1969811579440615 -6.208279667389373 -6.219425879463752 -6.230493071586935 -6.241539150387063 -6.25248928729996 -6.263234373520997 -6.274019823507141 -6.284622880348985 -6.295038339990679 -6.305532884879808 -6.315665629092434 -6.3259410615500045 -6.335803354176862 -6.345844183113802 -6.355398981891853 -6.365216424124126 -6.374508660374915 -6.383973113290148 -6.3932063206293 -6.402068629373417 -6.411218880968929 -6.4198187677078 -6.428410851975132 -6.437114745079554 -6.445271790520454 -6.453311255765256 -6.461656744328994
-9.5 -6.46278099143375 -6.442120274859766 -6.421457425689213 -6.400777167760162 -6.380091261185283 -6.3593889642564605 -6.33868074234988 -6.317945609178824 -6.297200910309456 -6.276460432980745 -6.25570062253154 -6.234937655667591 -6.214160163924221 -6.1933768637701325 -6.17257584232672 -6.15177669211196 -6.130958111618172 -6.110130819517365 -6.089291476639312 -6.0684427655040425 -6.04758800190276 -6.026720409057977 -6.0058478887436015 -5.9849594086392415 -5.964067311921967 -5.943160249727241 -5.922242700667981 -5.901319452334456 -5.880382159246473 -5.859436843544839 -5.8445433344397415 -5.839500497872785 -5.837499508386589 -5.836675293194926 -5.836087908826657 -5.835167003582485 -5.835785356769181 -5.839595368420385 -5.843919091488392 -5.847978482152516 -5.854047435692903 -5.860554887685391 -5.867453055210872 -5.875244020944835 -5.883376964081487 -5.891979066612193 -5.901137939775751 -5.910607260442856 -5.920371828335949 -5.930461234835354 -5.940786748737572 -5.951347579918882 -5.9621305773810995 -5.97308035791732 -5.984245680457024 -5.995443137697312 -6.00680403001461 -6.018254633559829 -6.0297413949281085 -6.041330218721578 -6.0529699271538755 -6.064617483725621 -6.076294816096892 -6.087972355478729 -6.099672380880602 -6.111357129031112 -6.1229917521819965 -6.134597929872852 -6.146154538281884 -6.15765425665597 -6.169089126434021 -6.180549399823591 -6.191845917058769 -6.203057233506565 -6.214178268213281 -6.225307068752002 -6.2362241981023 -6.247064318214318 -6.257886022843437 -6.268403140626761 -6.2790624279418195 -6.289363685229879 -6.299749626131139 -6.309800605997179 -6.319944977454233 -6.329700640755061 -6.339624500254331 -6.349035372522926 -6.358717892686565 -6.368027539532169 -6.377145970861435 -6.3864132861975555 -6.395063956869648 -6.403947301582511 -6.412772810589141 -6.420952657762558 -6.429327195605739 -6.437793709495875 -6.445733038676611 -6.453219752717845 -6.46133040475601
